ID,List Price,Duplex?,Bedrooms,Baths - Total,Baths - Full,Baths - Half,Stories,Subdivision,Square Footage,Year Built,Acreage,New Owned?,House Style,Covered Parking Spots,Misc Exterior,Has Pool?,Has Dock?,Fenced Yard,Screened Porch?,Amenities,Golf Course?,Fireplace?,Number of Fireplaces
115,"$369,900",Yes,3,2.5,2,1,2,Carolina Park,1797,2017,0.06,Yes,Townhouse,2,Misc Exterior: Lawn Irrigation; Patio; Porch - Full Front,No,No,No,No,Amenities: Cable TV Available; Lawn Maint Incl; Neighborhood Pool; Play Park; Tennis Court; Trash Pickup; Walk/Jog Trails,No,Yes,1
117,"$375,000",Yes,3,2.5,2,1,2,Carolina Park,1797,2017,0.06,Yes,Townhouse,2,Misc Exterior: Lawn Irrigation; Patio; Porch - Full Front,No,No,No,No,Amenities: Cable TV Available; Lawn Maint Incl; Neighborhood Pool; Play Park; Tennis Court; Trash Pickup; Walk/Jog Trails,No,Yes,1
5,"$769,900",No,4,3.5,3,1,2,Carolina Park,2767,2014,0.35,No,Traditional,2,Misc Exterior: Fence - Wooden Enclosed; Lawn Irrigation; Porch - Front Porch; Porch - Screened; Some Thermal Wnd/Doors; Special Yard Lights; Storage/Outbuilding; Other (Use Remarks),No,No,Yes,Yes,Amenities: Cable TV Available; Neighborhood Pool; Play Park; Tennis Court; Trash Pickup; Walk/Jog Trails,No,Yes,1
9,"$699,990",No,4,3.5,3,1,2,Carolina Park,3240,2014,0.29,No,Traditional,2,Misc Exterior: Fence - Wooden Enclosed; Lawn Irrigation; Patio - Covered; Porch - Front Porch; Porch - Full Front; Storm Windows,No,No,Yes,No,Amenities: Cable TV Available; Neighborhood Pool; Play Park; Tennis Court; Trash Pickup,No,Yes,1
62,"$436,625",No,4,3,3,0,2,Carolina Park,2072,2017,0.19,Yes,Traditional,2,Misc Exterior: Lawn Irrigation; Patio; Patio - Covered; Porch - Front Porch,No,No,No,No,Amenities: Bus Line; Neighborhood Pool; Play Park; Tennis Court; Trash Pickup; Walk/Jog Trails,No,No,0
61,"$446,900",No,3,2.5,2,1,2,Carolina Park,1895,2016,0.11,Yes,Cottage,2,Misc Exterior: Lawn Irrigation; Porch - Full Front; Porch - Screened; Storage/Outbuilding,No,No,No,Yes,Amenities: Bus Line; Cable TV Available; Central TV Antenna; Neighborhood Pool; Play Park; Tennis Court; Trash Pickup; Walk/Jog Trails,No,Yes,1
25,"$575,000",No,4,3.5,3,1,2,Carolina Park,3237,2014,0.2,No,Traditional,2,Misc Exterior: Fence - Wooden Enclosed; Lawn Irrigation; Porch - Front Porch; Porch - Screened,No,No,Yes,Yes,Amenities: Cable TV Available; Neighborhood Pool; Play Park; Tennis Court; Trash Pickup; Walk/Jog Trails,No,Yes,1
27,"$575,000",No,4,3,3,0,2,Carolina Park,3045,2014,0.19,No,Traditional,2,Misc Exterior: Fence - Metal Enclosed; Lawn Irrigation; Patio; Porch - Front Porch; Porch - Screened,No,No,Yes,Yes,Amenities: Cable TV Available; Neighborhood Pool; Play Park; Tennis Court; Trash Pickup; Walk/Jog Trails,No,Yes,1
60,"$464,900",No,3,2.5,2,1,2,Carolina Park,1895,2017,0.13,Yes,Cottage,2,Misc Exterior: Lawn Irrigation; Porch - Full Front; Porch - Screened; Storage/Outbuilding,No,No,No,Yes,Amenities: Bus Line; Cable TV Available; Central TV Antenna; Neighborhood Pool; Play Park; Tennis Court; Trash Pickup; Walk/Jog Trails,No,Yes,1
59,"$469,900",No,4,2,2,0,1,Carolina Park,2177,2015,0.32,No,Patio,2,Misc Exterior: Fence - Wooden Enclosed; Lawn Irrigation; Patio; Porch - Front Porch; Porch - Screened,No,No,Yes,Yes,Amenities: Club House; Neighborhood Pool; Play Park; Tennis Court; Trash Pickup; Walk/Jog Trails,No,Yes,1
32,"$569,900",No,3,3,3,0,2,Carolina Park,2545,2014,0.16,No,Traditional,2,Misc Exterior: Fence - Partial; Gutters; Lawn Irrigation; Patio; Porch - Screened; Thermal Windows/Doors,No,No,No,Yes,Amenities: Neighborhood Pool; Play Park; Tennis Court; Walk/Jog Trails,No,Yes,1
40,"$530,000",No,4,3.5,3,1,2,Carolina Park,2761,2014,0.19,No,Traditional,2,Misc Exterior: Fence - Iron; Patio; Porch - Full Front; Porch - Screened,No,No,No,Yes,Amenities: Cable TV Available; Neighborhood Pool; Play Park; Tennis Court; Trash Pickup; Walk/Jog Trails,No,No,0
57,"$478,900",No,3,2.5,2,1,2,Carolina Park,2199,2017,0.14,Yes,Cottage,2,Misc Exterior: Lawn Irrigation; Porch - Screened,No,No,No,Yes,Amenities: Bus Line; Cable TV Available; Central TV Antenna; Neighborhood Pool; Play Park; Tennis Court; Trash Pickup; Walk/Jog Trails,No,Yes,1
58,"$478,900",No,3,2.5,2,1,2,Carolina Park,2199,2017,0.12,Yes,Cottage,2,Misc Exterior: Lawn Irrigation; Porch - Screened,No,No,No,Yes,Amenities: Bus Line; Cable TV Available; Central TV Antenna; Neighborhood Pool; Play Park; Tennis Court; Trash Pickup; Walk/Jog Trails,No,Yes,1
56,"$489,900",No,4,3,3,0,2,Carolina Park,2072,2017,0.15,Yes,Cottage,2,Misc Exterior: Lawn Irrigation; Porch - Screened; Porch - Wrap-Around,No,No,No,Yes,Amenities: Bus Line; Cable TV Available; Central TV Antenna; Neighborhood Pool; Play Park; Tennis Court; Trash Pickup; Walk/Jog Trails,No,Yes,1
54,"$505,000",No,4,3,3,0,2,Carolina Park,2457,2017,0.15,Yes,Traditional,2,Misc Exterior: Lawn Irrigation; Patio; Patio - Covered; Porch - Full Front,No,No,No,No,Amenities: Bus Line; Neighborhood Pool; Play Park; Tennis Court; Trash Pickup; Walk/Jog Trails,No,Yes,1
52,"$505,900",No,3,2.5,2,1,2,Carolina Park,1990,2017,0.17,Yes,Craftsman,2,Misc Exterior: Deck; Lawn Irrigation; Porch - Front Porch; Porch - Screened,No,No,No,Yes,Amenities: Neighborhood Pool; Play Park; Tennis Court; Walk/Jog Trails,No,Yes,1
55,"$499,900",No,4,2.5,2,1,2,Carolina Park,2814,2013,0.15,No,Traditional,2,Misc Exterior: Lawn Irrigation; Porch - Front Porch; Storm Doors,No,No,No,No,Amenities: Cable TV Available; Neighborhood Pool; Play Park; Tennis Court; Trash Pickup; Walk/Jog Trails,No,No,0
50,"$509,000",No,4,3.5,3,1,2,Carolina Park,2445,2017,0.17,Yes,Traditional,2,Misc Exterior: Lawn Irrigation; Patio; Porch - Full Front; Porch - Screened,No,No,No,Yes,Amenities: Bus Line; Neighborhood Pool; Play Park; Tennis Court; Trash Pickup; Walk/Jog Trails,No,No,0
49,"$512,000",No,3,3,3,0,1,Carolina Park,2537,2017,0.22,Yes,Ranch,2,Misc Exterior: Lawn Irrigation; Patio; Porch - Full Front; Porch - Screened,No,No,No,Yes,Amenities: Bus Line; Neighborhood Pool; Play Park; Tennis Court; Trash Pickup; Walk/Jog Trails,No,Yes,1
47,"$513,723",No,3,2,2,0,1,Carolina Park,1666,2016,0.14,Yes,Ranch,2,Misc Exterior: Porch - Front Porch; Porch - Screened,No,No,No,Yes,Amenities: Cable TV Available; Neighborhood Pool; Play Park; Tennis Court; Trash Pickup; Walk/Jog Trails,No,Yes,1
46,"$519,000",No,4,3.5,3,1,2,Carolina Park,2761,2016,0.16,Yes,Traditional,2,Misc Exterior: Lawn Irrigation; Patio; Porch - Front Porch; Porch - Screened,No,No,No,Yes,Amenities: Bus Line; Neighborhood Pool; Play Park; Tennis Court; Trash Pickup; Walk/Jog Trails,No,No,0
45,"$522,000",No,4,3.5,3,1,2,Carolina Park,2761,2017,0.23,Yes,Traditional,2,Misc Exterior: Lawn Irrigation; Patio; Porch - Front Porch; Porch - Screened,No,No,No,Yes,Amenities: Bus Line; Neighborhood Pool; Play Park; Tennis Court; Trash Pickup; Walk/Jog Trails,No,No,0
44,"$522,075",No,5,3.5,3,1,3,Carolina Park,3206,2017,0.2,Yes,Traditional,2,Misc Exterior: Lawn Irrigation; Patio; Patio - Covered; Porch - Front Porch,No,No,No,No,Amenities: Bus Line; Neighborhood Pool; Play Park; Tennis Court; Trash Pickup; Walk/Jog Trails,No,No,0
43,"$525,000",No,4,2.5,2,1,1,Carolina Park,2083,2015,0.15,No,Ranch,2,Misc Exterior: Fence - Metal Enclosed; Gutters; Patio; Patio - Covered; Porch - Front Porch; Porch - Full Front; Porch - Screened; Thermal Windows/Doors,No,No,Yes,Yes,Amenities: Cable TV Available; Neighborhood Pool; Play Park; Tennis Court; Trash Pickup; Walk/Jog Trails,No,No,0
42,"$529,900",No,4,3.5,3,1,2,Carolina Park,2612,2016,0.16,Yes,Traditional,2,Misc Exterior: Lawn Irrigation; Porch - Screened; Other (Use Remarks),No,No,No,Yes,Amenities: Bus Line; Cable TV Available; Central TV Antenna; Neighborhood Pool; Play Park; Tennis Court; Trash Pickup; Walk/Jog Trails,No,Yes,1
41,"$530,000",No,3,3,3,0,1,Carolina Park,2537,2017,0.28,Yes,Traditional,2,Misc Exterior: Lawn Irrigation; Patio; Patio - Covered; Porch - Front Porch,No,No,No,No,Amenities: Bus Line; Neighborhood Pool; Play Park; Tennis Court; Trash Pickup; Walk/Jog Trails,No,Yes,1
38,"$534,000",No,3,2.5,2,1,2,Carolina Park,2445,2016,0.21,Yes,Traditional,2,Misc Exterior: Gutters; Lawn Irrigation; Patio; Porch - Front Porch; Porch - Screened,No,No,No,Yes,Amenities: Bus Line; Cable TV Available; Neighborhood Pool; Play Park; Tennis Court; Trash Pickup; Walk/Jog Trails,No,No,0
37,"$534,900",No,3,3.5,3,1,2,Carolina Park,2357,2017,0.17,Yes,Craftsman,2,Misc Exterior: Lawn Irrigation; Porch - Front Porch; Porch - Full Front; Porch - Screened,No,No,No,Yes,Amenities: Cable TV Available; Neighborhood Pool; Play Park; Tennis Court; Walk/Jog Trails,No,Yes,1
36,"$549,900",No,3,3,3,0,2,Carolina Park,2255,2017,0.17,Yes,Craftsman,2,Misc Exterior: Lawn Irrigation; Porch - Front Porch; Porch - Screened,No,No,No,Yes,Amenities: Neighborhood Pool; Play Park; Tennis Court; Trash Pickup; Walk/Jog Trails,No,Yes,1
35,"$561,900",No,4,3.5,3,1,2,Carolina Park,2559,2017,0.16,Yes,Craftsman,2,Misc Exterior: Lawn Irrigation; Porch - Front Porch; Porch - Screened; Porch - Wrap-Around,No,No,No,Yes,Amenities: Neighborhood Pool; Play Park; Tennis Court; Trash Pickup; Walk/Jog Trails,No,Yes,1
33,"$564,900",No,4,3.5,3,1,2,Carolina Park,3010,2016,0.17,Yes,Traditional,2,Misc Exterior: Lawn Irrigation; Porch - Screened,No,No,No,Yes,Amenities: Bus Line; Cable TV Available; Central TV Antenna; Neighborhood Pool; Play Park; Tennis Court; Trash Pickup; Walk/Jog Trails,No,Yes,1
34,"$564,900",No,4,3.5,3,1,2,Carolina Park,2433,2017,0.2,Yes,Craftsman,2,Misc Exterior: Lawn Irrigation; Porch - Front Porch; Porch - Screened,No,No,No,Yes,Amenities: Neighborhood Pool; Play Park; Tennis Court; Trash Pickup; Walk/Jog Trails,No,Yes,2
31,"$569,900",No,4,3.5,3,1,2,Carolina Park,3065,2015,0.19,Yes,Cottage,2,Misc Exterior: Lawn Irrigation; Porch - Screened,No,No,No,Yes,Amenities: Bus Line; Cable TV Available; Central TV Antenna; Neighborhood Pool; Play Park; Tennis Court; Trash Pickup; Walk/Jog Trails,No,Yes,1
30,"$571,900",No,4,3.5,3,1,2,Carolina Park,2593,2017,0.17,Yes,Craftsman,2,Misc Exterior: Lawn Irrigation; Porch - Front Porch; Porch - Full Front; Porch - Screened,No,No,No,Yes,Amenities: Cable TV Available; Neighborhood Pool; Play Park; Tennis Court; Walk/Jog Trails,No,Yes,1
28,"$574,900",No,4,3.5,3,1,2,Carolina Park,3180,2016,0.2,Yes,Traditional,2,Misc Exterior: Lawn Irrigation; Porch - Screened,No,No,No,Yes,Amenities: Bus Line; Cable TV Available; Central TV Antenna; Neighborhood Pool; Play Park; Tennis Court; Trash Pickup; Walk/Jog Trails,No,Yes,1
29,"$574,900",No,4,3.5,3,1,2,Carolina Park,2433,2017,0.22,Yes,Craftsman,2,Misc Exterior: Porch - Screened; Porch - Wrap-Around,No,No,No,Yes,Amenities: Neighborhood Pool; Play Park; Tennis Court; Trash Pickup; Walk/Jog Trails,No,Yes,1
24,"$577,977",No,5,3.5,3,1,3,Carolina Park,3206,2017,0.19,Yes,Traditional,2,Misc Exterior: Lawn Irrigation; Patio; Patio - Covered; Porch - Front Porch,No,No,No,No,Amenities: Bus Line; Neighborhood Pool; Play Park; Tennis Court; Trash Pickup; Walk/Jog Trails,No,No,0
22,"$589,900",No,4,3.5,3,1,2,Carolina Park,3086,2017,0.22,Yes,Craftsman,2,Misc Exterior: Lawn Irrigation; Porch - Front Porch; Porch - Full Front; Porch - Screened,No,No,No,Yes,Amenities: Cable TV Available; Neighborhood Pool; Play Park; Tennis Court; Walk/Jog Trails,No,Yes,1
23,"$589,900",No,4,3.5,3,1,2,Carolina Park,2593,2017,0.2,Yes,Craftsman,2,Misc Exterior: Lawn Irrigation; Porch - Front Porch; Porch - Full Front; Porch - Screened,No,No,No,Yes,Amenities: Cable TV Available; Neighborhood Pool; Play Park; Tennis Court; Walk/Jog Trails,No,Yes,1
19,"$599,900",No,4,3.5,3,1,2,Carolina Park,3021,2016,0.23,Yes,Traditional,2,Misc Exterior: Lawn Irrigation; Porch - Screened,No,No,No,Yes,Amenities: Bus Line; Central TV Antenna; Neighborhood Pool; Play Park; Tennis Court; Trash Pickup; Walk/Jog Trails,No,Yes,1
18,"$609,900",No,4,3.5,3,1,2,Carolina Park,3237,2017,0.2,Yes,Cottage,2,Misc Exterior: Lawn Irrigation; Porch - Screened; Other (Use Remarks),No,No,No,Yes,Amenities: Bus Line; Cable TV Available; Central TV Antenna; Neighborhood Pool; Play Park; Tennis Court; Trash Pickup; Walk/Jog Trails,No,Yes,1
15,"$613,290",No,4,4,4,0,2,Carolina Park,3065,2016,0.16,Yes,Traditional,2,Misc Exterior: Porch - Full Front; Porch - Screened,No,No,No,Yes,Amenities: Cable TV Available; Neighborhood Pool; Play Park; Tennis Court; Trash Pickup; Walk/Jog Trails,No,Yes,1
13,"$614,900",No,5,4.5,4,1,2,Carolina Park,3304,2017,0.17,Yes,Traditional,4,Misc Exterior: Lawn Irrigation; Porch - Screened; Porch - Wrap-Around,No,No,No,Yes,Amenities: Bus Line; Cable TV Available; Central TV Antenna; Neighborhood Pool; Play Park; Tennis Court; Trash Pickup; Walk/Jog Trails,No,Yes,1
12,"$651,948",No,4,4,4,0,2,Carolina Park,3058,2016,0.23,Yes,Traditional,2,Misc Exterior: Porch - Front Porch; Porch - Screened,No,No,No,Yes,Amenities: Cable TV Available; Neighborhood Pool; Play Park; Tennis Court; Trash Pickup; Walk/Jog Trails,No,Yes,1
7,"$725,900",No,4,4.5,4,1,2,Carolina Park,3220,2016,0.29,Yes,Traditional,2,Misc Exterior: Lawn Irrigation; Porch - Full Front; Porch - Screened; Some Thermal Wnd/Doors,No,No,No,Yes,Amenities: Bus Line; Cable TV Available; Neighborhood Pool; Play Park; Tennis Court; Trash Pickup; Walk/Jog Trails,No,Yes,1
6,"$729,900",No,4,3.5,3,1,2,Carolina Park,3067,2017,0.27,Yes,Charleston Single,2,Misc Exterior: Lawn Irrigation; Porch - Full Front; Porch - Screened,No,No,No,Yes,Amenities: Bus Line; Cable TV Available; Neighborhood Pool; Play Park; Tennis Court; Trash Pickup; Walk/Jog Trails,No,Yes,1
4,"$775,000",No,5,3.5,3,1,2,Carolina Park,3421,2016,0.28,No,Cottage,2,Misc Exterior: Fence - Wooden Enclosed; Lawn Irrigation; Porch - Front Porch; Porch - Full Front; Porch - Screened; Some Thermal Wnd/Doors; Thermal Windows/Doors,No,No,Yes,Yes,Amenities: Cable TV Available; Neighborhood Pool; Play Park; Tennis Court; Trash Pickup; Walk/Jog Trails,No,Yes,1
2,"$835,900",No,4,4.5,4,1,2,Carolina Park,3098,2017,0.26,Yes,Traditional,2,Misc Exterior: Lawn Irrigation; Porch - Full Front; Porch - Screened; Some Thermal Wnd/Doors,No,No,No,Yes,Amenities: Bus Line; Cable TV Available; Neighborhood Pool; Play Park; Tennis Court; Trash Pickup; Walk/Jog Trails,No,Yes,1
158,"$450,000",Yes,3,3.5,3,1,2,Dunes West,2800,2016,0.09,Yes,Townhouse,2,Misc Exterior: Fence - Wooden Enclosed; Gutters; Lawn Irrigation; Porch - Full Front; Porch - Screened,No,No,Yes,Yes,Amenities: Boat Ramp; Boat Storage; Cable TV Available; Club House; Club Membership Available; Exercise Area; Gated Comm; Golf; Golf Membership Available; Lawn Maint Incl; Neighborhood Pool; Play Park; Security Guard/Sys; Tennis Court; Trash Pickup; Walk/Jog Trails,Yes,Yes,1
164,"$471,895",Yes,3,3.5,3,1,2,Dunes West,2800,2016,0.1,Yes,Townhouse,1.5,Misc Exterior: Gutters; Lawn Irrigation; Porch - Front Porch; Porch - Full Front; Porch - Screened,No,No,No,Yes,Amenities: Boat Ramp; Boat Storage; Cable TV Available; Club House; Club Membership Available; Exercise Area; Gated Comm; Golf; Golf Membership Available; Lawn Maint Incl; Neighborhood Pool; Play Park; Security Guard/Sys; Tennis Court; Trash Pickup; Walk/Jog Trails,Yes,Yes,1
163,"$472,900",Yes,3,3.5,3,1,2,Dunes West,2812,2016,0.1,Yes,Townhouse,1.5,Misc Exterior: Gutters; Lawn Irrigation; Porch - Front Porch; Porch - Full Front; Porch - Screened,No,No,No,Yes,Amenities: Boat Ramp; Boat Storage; Cable TV Available; Club House; Club Membership Available; Exercise Area; Gated Comm; Golf; Golf Membership Available; Lawn Maint Incl; Neighborhood Pool; Play Park; Security Guard/Sys; Tennis Court; Trash Pickup; Walk/Jog Trails,Yes,Yes,1
172,"$477,465",Yes,3,3.5,3,1,2,Dunes West,2750,2017,0.11,Yes,Townhouse,3.5,Misc Exterior: Gutters; Lawn Irrigation; Porch - Full Front; Porch - Screened,No,No,No,Yes,Amenities: Boat Ramp; Boat Storage; Cable TV Available; Club House; Club Membership Available; Gated Comm; Golf; Golf Membership Available; Neighborhood Pool; Play Park; Security Guard/Sys; Tennis Court; Trash Pickup; Walk/Jog Trails,Yes,Yes,1
167,"$477,771",Yes,3,3.5,3,1,2,Dunes West,2800,2016,0.09,Yes,Townhouse,2,Misc Exterior: Fence - Wooden Enclosed; Gutters; Lawn Irrigation; Porch - Full Front; Porch - Screened,No,No,Yes,Yes,Amenities: Boat Ramp; Boat Storage; Cable TV Available; Club House; Club Membership Available; Exercise Area; Gated Comm; Golf; Golf Membership Available; Lawn Maint Incl; Neighborhood Pool; Play Park; Security Guard/Sys; Tennis Court; Trash Pickup; Walk/Jog Trails,Yes,Yes,1
176,"$497,562",Yes,3,3.5,3,1,2,Dunes West,2812,2016,0.09,Yes,Townhouse,2,Misc Exterior: Fence - Wooden Enclosed; Gutters; Lawn Irrigation; Porch - Full Front,No,No,Yes,No,Amenities: Boat Ramp; Boat Storage; Cable TV Available; Club House; Club Membership Available; Exercise Area; Gated Comm; Golf; Golf Membership Available; Neighborhood Pool; Play Park; Security Guard/Sys; Tennis Court; Trash Pickup; Walk/Jog Trails,Yes,Yes,1
64,"$975,000",No,4,4,4,0,3,Dunes West,4059,1993,1.2,No,Traditional,7,Misc Exterior: Deck; Elevator Shaft; Lawn Irrigation; Porch - Front Porch; Porch - Full Front; Workshop,No,No,No,No,Amenities: Boat Ramp; Boat Storage; Cable TV Available; Club House; Club Membership Available; Dock Facilities; Exercise Area; Gated Comm; Golf; Golf Membership Available; Neighborhood Pool; Play Park; Security Guard/Sys; Tennis Court; Trash Pickup; Walk/Jog Trails,Yes,Yes,1
66,"$925,000",No,4,3.5,3,1,2,Dunes West,5059,1992,1.37,No,Traditional,3,Misc Exterior: Deck; Gutters; Lawn Irrigation; Lawn Well; Pool - In Ground; Porch - Front Porch; Some Storm Wnd/Doors; Special Yard Lights,Yes,No,No,No,Amenities: Boat Ramp; Boat Storage; Club House; Club Membership Available; Gated Comm; Golf; Golf Membership Available; Neighborhood Pool; Play Park; Security Guard/Sys; Tennis Court; Trash Pickup; Walk/Jog Trails,Yes,Yes,2
67,"$899,000",No,6,4.5,4,1,2,Dunes West,4167,1995,1,No,Traditional,3,Misc Exterior: Boatlift; Deck; Dock - Floating; Dock - Shared; Porch - Full Front,No,Yes,No,No,Amenities: Club House; Club Membership Available; Exercise Area; Gated Comm; Golf Membership Available; Neighborhood Pool; Play Park; Tennis Court,Yes,Yes,1
69,"$880,000",No,5,3.5,3,1,2,Dunes West,4301,2006,0.42,No,Traditional,5,Misc Exterior: Deck; Fence - Metal Enclosed; Lawn Irrigation; Patio; Patio - Covered; Porch - Front Porch; Porch - Full Front; Porch - Screened; Special Yard Lights; Thermal Windows/Doors,No,No,Yes,Yes,Amenities: Boat Ramp; Boat Storage; Cable TV Available; Club House; Club Membership Available; Dock Facilities; Exercise Area; Gated Comm; Golf; Golf Membership Available; Neighborhood Pool; Play Park; Security Guard/Sys; Tennis Court; Trash Pickup; Walk/Jog Trails,Yes,Yes,1
70,"$879,900",No,5,4,3,2,3,Dunes West,4433,2004,0.61,No,Traditional,2,Misc Exterior: Fence - Wooden Enclosed; Gutters; Lawn Irrigation; Patio; Pool - In Ground; Porch - Front Porch; Porch - Screened; Special Yard Lights,Yes,No,Yes,Yes,Amenities: Boat Ramp; Cable TV Available; Club House; Club Membership Available; Dock Facilities; Exercise Area; Gated Comm; Golf; Golf Membership Available; Neighborhood Pool; Play Park; Security Guard/Sys; Tennis Court; Trash Pickup; Walk/Jog Trails,Yes,Yes,1
72,"$875,000",No,5,4.5,4,1,2,Dunes West,3886,2006,0.49,No,Traditional,2,Misc Exterior: Fence - Metal Enclosed; Fence - Private; Gutters; Lawn Irrigation; Patio; Patio - Covered; Pool - In Ground; Special Yard Lights,Yes,No,Yes,No,Amenities: Boat Ramp; Boat Storage; Cable TV Available; Club House; Club Membership Available; Exercise Area; Gated Comm; Golf; Golf Membership Available; Neighborhood Pool; Play Park; Security Guard/Sys; Tennis Court; Walk/Jog Trails,Yes,Yes,1
73,"$875,000",No,5,5,4,2,2,Dunes West,3882,2008,0.51,No,Charleston Single,9,Misc Exterior: Deck; Patio,No,No,No,No,Amenities: Boat Ramp; Boat Storage; Club House; Club Membership Available; Exercise Area; Gated Comm; Golf; Golf Membership Available; Neighborhood Pool; Play Park; Security Guard/Sys; Tennis Court; Trash Pickup; Walk/Jog Trails,Yes,Yes,1
74,"$840,000",No,5,4.5,4,1,2,Dunes West,3927,2005,0.54,No,Traditional,2,Misc Exterior: Gutters; Lawn Irrigation; Patio; Porch - Front Porch; Porch - Screened; Special Yard Lights,No,No,No,Yes,Amenities: Boat Ramp; Boat Storage; Bus Line; Cable TV Available; Club House; Club Membership Available; Gated Comm; Golf; Golf Membership Available; Neighborhood Pool; Play Park; Security Guard/Sys; Tennis Court; Trash Pickup; Walk/Jog Trails,Yes,Yes,1
77,"$830,000",No,5,4,3,2,2,Dunes West,4363,1996,1.1,No,Traditional,3,Misc Exterior: Deck; Fence - Partial; Lawn Irrigation; Porch - Screened; Special Yard Lights,No,No,No,Yes,Amenities: Boat Ramp; Boat Storage; Cable TV Available; Club House; Club Membership Available; Gated Comm; Golf; Golf Membership Available; Neighborhood Pool; Play Park; Security Guard/Sys; Tennis Court; Trash Pickup; Walk/Jog Trails,Yes,Yes,1
80,"$799,900",No,5,3.5,3,1,2,Dunes West,4197,2003,1.23,No,Traditional,3,Misc Exterior: Gutters; Lawn Irrigation; Lawn Well; Patio - Covered; Porch - Screened; Thermal Windows/Doors,No,No,No,Yes,Amenities:,No,Yes,1
81,"$795,000",No,5,4.5,4,1,3,Dunes West,4580,2004,0.48,No,Traditional,2,Misc Exterior: Deck; Porch - Front Porch; Porch - Screened; Some Thermal Wnd/Doors; Special Yard Lights,No,No,No,Yes,Amenities: Boat Ramp; Boat Storage; Club House; Club Membership Available; Exercise Area; Extra Storage; Gated Comm; Golf; Golf Membership Available; Neighborhood Pool; Play Park; Security Guard/Sys; Tennis Court; Trash Pickup; Walk/Jog Trails,Yes,Yes,1
85,"$756,500",No,4,3.5,3,1,2,Dunes West,3158,2008,0.32,No,Traditional,2,Misc Exterior: Deck; Fence - Wooden Enclosed; Lawn Irrigation; Patio; Patio - Covered; Porch - Full Front; Porch - Screened,No,No,Yes,Yes,Amenities: Boat Ramp; Boat Storage; Cable TV Available; Club House; Club Membership Available; Dock Facilities; Exercise Area; Gated Comm; Golf; Golf Membership Available; Neighborhood Pool; Play Park; Security Guard/Sys; Tennis Court; Trash Pickup; Walk/Jog Trails,Yes,Yes,2
87,"$750,000",No,5,5,5,0,3,Dunes West,4129,2012,0.22,No,Traditional,3,Misc Exterior: Fence - Partial; Lawn Irrigation; Porch - Front Porch; Porch - Screened; Thermal Windows/Doors,No,No,No,Yes,Amenities: Boat Ramp; Boat Storage; Cable TV Available; Club House; Club Membership Available; Dock Facilities; Exercise Area; Gated Comm; Golf; Golf Membership Available; Neighborhood Pool; Security Guard/Sys; Tennis Court; Trash Pickup; Walk/Jog Trails,Yes,Yes,1
91,"$739,000",No,4,4,3,2,3,Dunes West,4078,2001,0.51,No,Colonial,2,Misc Exterior: Deck; Fence - Private; Fence - Wooden Enclosed; Gazebo; Gutters; Porch - Front Porch; Porch - Screened,No,No,Yes,Yes,Amenities: Boat Storage; Cable TV Available; Club House; Club Membership Available; Dock Facilities; Exercise Area; Gated Comm; Golf; Golf Membership Available; Neighborhood Pool; Security Guard/Sys; Tennis Court; Trash Pickup; Walk/Jog Trails,Yes,Yes,1
92,"$735,000",No,6,5,5,0,3,Dunes West,4500,2004,0.34,No,Traditional,2,Misc Exterior: Deck; Gutters; Lawn Irrigation; Porch - Front Porch; Porch - Full Front; Porch - Screened; Thermal Windows/Doors,No,No,No,Yes,Amenities: Boat Storage; Cable TV Available; Club House; Club Membership Available; Exercise Area; Extra Storage; Gated Comm; Golf; Golf Membership Available; Neighborhood Pool; Play Park; RV; Tennis Court; Trash Pickup; Walk/Jog Trails,Yes,Yes,1
93,"$735,000",No,5,3.5,3,1,3,Dunes West,3511,2009,0.35,No,Charleston Single,2,Misc Exterior: Deck; Gutters; Lawn Irrigation; Patio; Porch - Front Porch; Porch - Screened; Storm Windows; Thermal Windows/Doors,No,No,No,Yes,Amenities: Boat Ramp; Boat Storage; Cable TV Available; Club House; Exercise Area; Gated Comm; Golf; Golf Membership Available; Neighborhood Pool; Play Park; Security Guard/Sys; Tennis Court; Trash Pickup; Walk/Jog Trails,Yes,Yes,1
95,"$719,000",No,5,4.5,4,1,3,Dunes West,4064,2002,0.58,No,Colonial,2,Misc Exterior: Deck; Fence - Wooden Enclosed; Gutters; Lawn Irrigation; Pool - In Ground; Porch - Front Porch; Porch - Screened; Some Thermal Wnd/Doors,Yes,No,Yes,Yes,Amenities: Boat Ramp; Boat Storage; Cable TV Available; Club Membership Available; Dock Facilities; Exercise Area; Gated Comm; Golf Membership Available; Neighborhood Pool; Security Guard/Sys; Tennis Court; Trash Pickup; Walk/Jog Trails,Yes,Yes,1
116,"$562,431",No,5,4.5,4,1,3,Dunes West,3241,2017,0.15,Yes,Traditional,2,Misc Exterior: Gutters; Lawn Irrigation; Porch - Front Porch; Porch - Screened,No,No,No,Yes,Amenities: Boat Ramp; Boat Storage; Cable TV Available; Club House; Club Membership Available; Dock Facilities; Exercise Area; Gated Comm; Golf; Golf Membership Available; Neighborhood Pool; Security Guard/Sys; Tennis Court; Trash Pickup; Walk/Jog Trails,Yes,Yes,1
97,"$715,000",No,3,2.5,2,1,1,Dunes West,2905,1999,1.17,No,Traditional,3,Misc Exterior: Deck; Fence - Iron; Patio; Pool - In Ground; Porch - Front Porch; Porch - Screened,Yes,No,No,Yes,Amenities: Boat Ramp; Boat Storage; Cable TV Available; Club House; Club Membership Available; Dock Facilities; Exercise Area; Gated Comm; Golf; Golf Membership Available; Neighborhood Pool; Play Park; Security Guard/Sys; Tennis Court; Trash Pickup; Walk/Jog Trails,Yes,Yes,1
98,"$710,000",No,4,3.5,3,1,2,Dunes West,3089,2001,1,No,Traditional,2,Misc Exterior: Deck; Gutters; Lawn Irrigation; Porch - Full Front; Porch - Screened; Storm Doors; Thermal Windows/Doors,No,No,No,Yes,Amenities: Boat Storage; Cable TV Available; Club House; Club Membership Available; Gated Comm; Golf Membership Available; Neighborhood Pool; Play Park; Security Guard/Sys; Tennis Court; Trash Pickup; Walk/Jog Trails,Yes,Yes,1
99,"$699,900",No,5,3.5,3,1,2,Dunes West,3753,2004,0.47,No,Colonial,3,Misc Exterior: Gutters; Lawn Irrigation; Porch - Front Porch; Porch - Screened; Special Yard Lights; Thermal Windows/Doors,No,No,No,Yes,Amenities: Boat Storage; Cable TV Available; Club House; Dock Facilities; Gated Comm; Golf; Neighborhood Pool; Play Park; Tennis Court; Trash Pickup; Walk/Jog Trails,Yes,Yes,1
100,"$698,980",No,5,4.5,4,1,2,Dunes West,4700,1997,1.1,No,Traditional,2,Misc Exterior: Porch - Screened,No,No,No,Yes,Amenities: Cable TV Available; Club House; Gated Comm; Golf; Golf Membership Available; Neighborhood Pool; Play Park; Security Guard/Sys; Tennis Court; Trash Pickup,Yes,Yes,1
101,"$698,000",No,4,3.5,3,1,2,Dunes West,3218,1996,1.25,No,Traditional,2,Misc Exterior: Patio; Porch - Full Front,No,No,No,No,Amenities:,No,No,0
102,"$669,900",No,5,4.5,4,1,2,Dunes West,3365,1995,1.1,No,Traditional,2,Misc Exterior: Deck; Fence - Iron; Lawn Irrigation; Lawn Well; Patio; Pool - In Ground; Porch - Front Porch; Porch - Screened; Special Yard Lights,Yes,No,No,Yes,Amenities: Boat Storage; Club House; Club Membership Available; Extra Storage; Gated Comm; Golf; Neighborhood Pool; Play Park; Security Guard/Sys; Tennis Court; Trash Pickup; Walk/Jog Trails,Yes,Yes,1
103,"$665,000",No,4,3.5,3,1,2,Dunes West,3424,1992,1.1,No,Traditional,2,Misc Exterior: Fence - Partial; Gutters; Lawn Irrigation; Pool - In Ground; Porch - Screened,Yes,No,No,Yes,Amenities: Boat Ramp; Boat Storage; Cable TV Available; Club House; Club Membership Available; Gated Comm; Golf; Golf Membership Available; Neighborhood Pool; Play Park; Security Guard/Sys; Tennis Court; Trash Pickup; Walk/Jog Trails,Yes,Yes,1
104,"$655,000",No,6,5,5,0,3,Dunes West,3468,2013,0.3,No,Traditional,2,Misc Exterior: Fence - Metal Enclosed; Gutters; Lawn Irrigation; Porch - Full Front; Porch - Screened,No,No,Yes,Yes,Amenities: Boat Ramp; Boat Storage; Cable TV Available; Club House; Club Membership Available; Exercise Area; Gated Comm; Golf; Golf Membership Available; Neighborhood Pool; Security Guard/Sys; Tennis Court; Trash Pickup; Walk/Jog Trails,Yes,Yes,1
105,"$650,000",No,4,2.5,2,1,2,Dunes West,3334,1992,1.2,No,Colonial,2,Misc Exterior: Deck; Thermal Windows/Doors,No,No,No,No,Amenities: Boat Ramp; Boat Storage; Cable TV Available; Club House; Club Membership Available; Exercise Area; Gated Comm; Golf; Golf Membership Available; Neighborhood Pool; Security Guard/Sys; Tennis Court; Trash Pickup; Walk/Jog Trails,Yes,Yes,1
106,"$649,900",No,4,2.5,2,1,2,Dunes West,3442,1992,1,No,Traditional,2,Misc Exterior: Deck,No,No,No,No,Amenities: Club House; Club Membership Available; Gated Comm; Golf; Neighborhood Pool; Tennis Court,Yes,Yes,1
107,"$635,000",No,4,4,4,0,2,Dunes West,3674,2009,0.28,No,Traditional,2,Misc Exterior: Lawn Irrigation; Porch - Front Porch; Porch - Screened,No,No,No,Yes,Amenities: Cable TV Available; Club House; Club Membership Available; Dock Facilities; Exercise Area; Gated Comm; Neighborhood Pool; Play Park; Security Guard/Sys; Tennis Court; Trash Pickup,No,Yes,1
108,"$630,000",No,4,3.5,3,1,2,Dunes West,3278,2013,0.22,No,Traditional,2,Misc Exterior: Gutters; Lawn Irrigation; Lawn Well; Patio; Porch - Front Porch; Porch - Screened,No,No,No,Yes,Amenities: Boat Ramp; Boat Storage; Cable TV Available; Club House; Club Membership Available; Dock Facilities; Exercise Area; Gated Comm; Golf; Golf Membership Available; Neighborhood Pool; Play Park; Security Guard/Sys; Tennis Court; Trash Pickup; Walk/Jog Trails,Yes,Yes,1
109,"$617,500",No,4,3,3,0,2,Dunes West,3371,2003,0.24,No,Traditional,2,Misc Exterior: Fence - Wooden Enclosed; Lawn Irrigation; Porch - Screened,No,No,Yes,Yes,Amenities: Boat Ramp; Boat Storage; Cable TV Available; Club House; Club Membership Available; Exercise Area; Gated Comm; Golf; Golf Membership Available; Neighborhood Pool; Play Park; Security Guard/Sys; Trash Pickup; Walk/Jog Trails,Yes,Yes,1
114,"$564,775",No,5,4.5,4,1,3,Dunes West,3783,2017,0.16,Yes,Traditional,2,Misc Exterior: Gutters; Lawn Irrigation; Porch - Front Porch; Porch - Full Front; Porch - Screened,No,No,No,Yes,Amenities: Boat Ramp; Boat Storage; Cable TV Available; Club House; Club Membership Available; Dock Facilities; Exercise Area; Gated Comm; Golf; Golf Membership Available; Neighborhood Pool; Play Park; Security Guard/Sys; Tennis Court; Trash Pickup; Walk/Jog Trails,Yes,Yes,1
111,"$604,000",No,5,4,4,0,2,Dunes West,3449,2007,0.44,No,Traditional,3,Misc Exterior: Deck; Lawn Irrigation; Porch - Front Porch; Porch - Full Front; Porch - Screened; Some Storm Wnd/Doors; Other (Use Remarks),No,No,No,Yes,Amenities: Boat Ramp; Boat Storage; Cable TV Available; Club Membership Available; Exercise Area; Golf; Golf Membership Available; Neighborhood Pool; Play Park; Security Guard/Sys; Tennis Court; Trash Pickup; Walk/Jog Trails,Yes,Yes,1
112,"$585,000",No,4,3.5,3,1,2,Dunes West,2803,2000,1.11,No,Traditional,2,Misc Exterior: Deck; Gutters; Lawn Irrigation; Lawn Well; Porch - Front Porch; Porch - Screened,No,No,No,Yes,Amenities: Boat Ramp; Boat Storage; Club House; Club Membership Available; Exercise Area; Extra Storage; Gated Comm; Golf; Golf Membership Available; Neighborhood Pool; Play Park; Security Guard/Sys; Tennis Court; Walk/Jog Trails,Yes,Yes,1
118,"$540,000",No,5,4,4,0,2,Dunes West,3171,2006,0.48,No,Traditional,2,Misc Exterior: Deck; Gutters; Porch - Front Porch; Porch - Full Front; Porch - Screened,No,No,No,Yes,Amenities: Cable TV Available; Club House; Club Membership Available; Gated Comm; Golf Membership Available; Tennis Court,Yes,Yes,1
119,"$529,000",No,4,2.5,2,1,2,Dunes West,2923,2006,0.27,No,Traditional,2,Misc Exterior: Porch - Screened,No,No,No,Yes,Amenities: Boat Storage; Cable TV Available; Club House; Club Membership Available; Exercise Area; Gated Comm; Golf; Golf Membership Available; Neighborhood Pool; Play Park; RV; Security Guard/Sys; Tennis Court; Trash Pickup; Walk/Jog Trails,Yes,Yes,1
120,"$523,900",No,3,2,2,0,1,Dunes West,2243,1993,1.03,No,Ranch,2,Misc Exterior: Deck; Lawn Irrigation; Porch - Screened; Thermal Windows/Doors,No,No,No,Yes,Amenities: Club House; Club Membership Available; Exercise Area; Gated Comm; Golf; Golf Membership Available; Neighborhood Pool; Play Park; Security Guard/Sys; Tennis Court; Trash Pickup,Yes,Yes,2
121,"$490,000",No,4,3.5,3,1,2,Dunes West,2956,2003,0.25,No,Traditional,2,Misc Exterior: Fence - Wooden Enclosed; Porch - Front Porch; Porch - Screened; Storm Doors,No,No,Yes,Yes,Amenities: Boat Storage; Cable TV Available; Club House; Gated Comm; Golf; Golf Membership Available; Neighborhood Pool; Play Park; Tennis Court; Trash Pickup; Walk/Jog Trails,Yes,Yes,1
122,"$469,900",No,5,3,3,0,2,Dunes West,2709,2004,0.3,No,Traditional,2,Misc Exterior: Gutters; Patio; Porch - Front Porch; Porch - Screened,No,No,No,Yes,Amenities: Cable TV Available; Golf; Neighborhood Pool; Security Guard/Sys; Tennis Court; Trash Pickup,Yes,Yes,1
123,"$445,000",No,5,2.5,2,1,2,Dunes West,3005,1997,0.33,Yes,Traditional,2,Misc Exterior: Fence - Wooden Enclosed; Gutters; Lawn Irrigation; Patio; Porch - Screened,No,No,Yes,Yes,Amenities: Boat Storage; Cable TV Available; Club House; Club Membership Available; Dock Facilities; Exercise Area; Gated Comm; Golf; Golf Membership Available; Neighborhood Pool; Play Park; Tennis Court; Walk/Jog Trails,Yes,Yes,1
124,"$445,000",No,5,2.5,2,1,2,Dunes West,2816,1998,0.24,No,Traditional,2,Misc Exterior: Fence - Partial; Fence - Wooden Enclosed; Porch - Screened,No,No,Yes,Yes,Amenities: Boat Ramp; Boat Storage; Cable TV Available; Club House; Club Membership Available; Exercise Area; Extra Storage; Gated Comm; Golf; Golf Membership Available; Neighborhood Pool; Play Park; Security Guard/Sys; Tennis Court; Walk/Jog Trails,Yes,Yes,1
125,"$445,000",No,3,2,2,0,1,Dunes West,2093,2003,0.45,No,Traditional,2,Misc Exterior: Gutters; Patio; Other (Use Remarks),No,No,No,No,Amenities: Cable TV Available; Club House; Club Membership Available; Exercise Area; Gated Comm; Golf; Golf Membership Available; Neighborhood Pool; Play Park; Security Guard/Sys; Tennis Court; Trash Pickup; Walk/Jog Trails,Yes,Yes,1
126,"$440,000",No,4,2.5,2,1,2,Dunes West,2524,2003,0.36,No,Traditional,2,Misc Exterior: Deck; Fence - Wooden Enclosed; Lawn Irrigation; Porch - Full Front; Porch - Screened,No,No,Yes,Yes,Amenities: Club House; Golf Membership Available; Neighborhood Pool; Play Park; Security Guard/Sys; Tennis Court; Walk/Jog Trails,Yes,Yes,1
127,"$430,000",No,3,2,2,0,1,Dunes West,2112,2003,0.39,No,Ranch,2,Misc Exterior: Fence - Wooden Enclosed; Gutters; Lawn Irrigation; Patio,No,No,Yes,No,Amenities: Boat Ramp; Boat Storage; Cable TV Available; Club House; Club Membership Available; Exercise Area; Gated Comm; Golf; Golf Membership Available; Neighborhood Pool; Security Guard/Sys; Tennis Court; Trash Pickup; Walk/Jog Trails,Yes,Yes,1
128,"$399,000",No,4,2.5,2,1,2,Dunes West,2445,1993,0.26,No,Traditional,2,Misc Exterior: Fence - Wooden Enclosed; Gazebo; Lawn Irrigation; Patio; Porch - Screened; Storage/Outbuilding,No,No,Yes,Yes,Amenities: Cable TV Available; Club House; Club Membership Available; Golf; Golf Membership Available; Neighborhood Pool; Play Park; Tennis Court; Trash Pickup,Yes,Yes,1
129,"$389,900",No,4,2.5,2,1,2,Dunes West,2142,1997,0.3,No,Traditional,2,Misc Exterior: Gutters; Patio; Porch - Screened,No,No,No,Yes,Amenities: Cable TV Available; Club Membership Available; Play Park; Trash Pickup; Walk/Jog Trails,No,Yes,1
130,"$349,900",No,3,2.5,2,1,2,Dunes West,1699,1998,0.23,No,Traditional,2,Misc Exterior: Patio; Porch - Full Front,No,No,No,No,Amenities: Cable TV Available; Club House; Club Membership Available; Neighborhood Pool; Tennis Court; Trash Pickup,No,Yes,1
131,"$349,900",No,3,2,2,0,1,Dunes West,1428,1997,0.17,No,Ranch,2,Misc Exterior: Fence - Wooden Enclosed; Gutters; Patio; Porch - Screened,No,No,Yes,Yes,Amenities: Cable TV Available; Club Membership Available; Exercise Area; Golf Membership Available; Neighborhood Pool; Play Park; Tennis Court; Trash Pickup; Walk/Jog Trails,Yes,Yes,1
132,"$339,900",No,3,2,2,0,2,Dunes West,1635,1999,0.23,No,Contemporary,2,Misc Exterior: Gutters; Porch - Screened,No,No,No,Yes,Amenities: Boat Storage; Cable TV Available; Club House; Club Membership Available; Golf Membership Available; Neighborhood Pool; Play Park; Tennis Court; Trash Pickup; Walk/Jog Trails,Yes,Yes,1
133,"$329,900",No,3,2.5,2,1,2,Dunes West,1622,1999,0.2,No,Traditional,2,Misc Exterior: Fence - Wooden Enclosed; Gutters; Porch - Front Porch; Porch - Screened; Storm Doors; Thermal Windows/Doors,No,No,Yes,Yes,Amenities: Boat Storage; Cable TV Available; Club House; Club Membership Available; Exercise Area; Golf; Golf Membership Available; Neighborhood Pool; Tennis Court; Walk/Jog Trails,Yes,Yes,1
134,"$324,000",No,2,2,2,0,2,Dunes West,1613,1997,0.23,No,Traditional,2,Misc Exterior: Porch - Full Front,No,No,No,No,Amenities: Cable TV Available; Club Membership Available; Golf Membership Available; Trash Pickup; Walk/Jog Trails,Yes,Yes,1
135,"$2,000,000",No,4,5.5,5,1,2,Dunes West,4563,2007,2.84,No,Traditional,3,Misc Exterior: Boatlift; Deck; Dock - Existing; Dock - Floating; Fence - Iron; Lawn Irrigation; Lawn Well; Patio; Pool - Elevated; Pool - In Ground; Porch - Front Porch; Porch - Full Front; Porch - Screened; Some Thermal Wnd/Doors; Special Yard Lights; Workshop,Yes,Yes,No,Yes,Amenities: Boat Storage; Cable TV Available; Club House; Club Membership Available; Elevators; Gated Comm; Golf; Golf Membership Available; Neighborhood Pool; Play Park; Tennis Court; Trash Pickup; Walk/Jog Trails,Yes,Yes,2
136,"$1,850,000",No,5,5.5,5,1,3,Dunes West,6527,2008,1.15,No,Traditional,3,Misc Exterior: Boatlift; Deck; Dock - Existing; Dock - Floating; Elevator Shaft; Lawn Irrigation; Lawn Well; Patio; Patio - Covered; Pool - In Ground; Porch - Full Front,Yes,Yes,No,No,Amenities: Boat Ramp; Cable TV Available; Club House; Club Membership Available; Dock Facilities; Elevators; Exercise Area; Gated Comm; Golf; Golf Membership Available; Neighborhood Pool; Play Park; Security Guard/Sys; Tennis Court; Trash Pickup,Yes,Yes,1
137,"$1,818,000",No,3,3.5,3,1,2,Dunes West,4640,1998,1.8,No,Traditional,3,Misc Exterior: Boatlift; Deck; Dock - Existing; Dock - Floating; Elevator Shaft; Fence - Brick; Fence - Metal Enclosed; Gutters; Lawn Irrigation; Lawn Well; Pool - In Ground; Porch - Front Porch; Porch - Full Front; Porch - Wrap-Around; Special Yard Lights,Yes,Yes,Yes,No,Amenities: Boat Ramp; Boat Storage; Cable TV Available; Club House; Club Membership Available; Dock Facilities; Exercise Area; Extra Storage; Gated Comm; Golf; Golf Membership Available; Neighborhood Pool; Play Park; Security Guard/Sys; Tennis Court; Trash Pickup; Walk/Jog Trails,Yes,Yes,2
138,"$1,699,000",No,5,5.5,5,1,3,Dunes West,7784,2012,1.23,No,Traditional,4,Misc Exterior: Boatlift; Dock - Existing; Dock - Floating; Fence - Metal Enclosed; Gutters; Handicapped Equipped; Lawn Irrigation; Patio; Patio - Covered; Porch - Full Front; Some Storm Wnd/Doors,No,Yes,Yes,No,Amenities: Boat Ramp; Boat Storage; Club House; Dock Facilities; Exercise Area; Gated Comm; Golf; Golf Membership Available; Handicapped Equipped; Neighborhood Pool; Play Park; Security Guard/Sys; Tennis Court; Trash Pickup; Walk/Jog Trails,Yes,Yes,2
139,"$1,575,000",No,5,4.5,4,1,3,Dunes West,5364,2005,0.63,No,Traditional,3,Misc Exterior: Boatlift; Deck; Dock - Existing; Dock - Floating; Dock - Shared; Fence - Metal Enclosed; Patio; Patio - Covered; Pool - In Ground; Porch - Front Porch; Porch - Full Front; Porch - Screened,Yes,Yes,Yes,Yes,Amenities: Boat Ramp; Boat Storage; Club House; Club Membership Available; Exercise Area; Gated Comm; Golf; Golf Membership Available; Neighborhood Pool; Play Park; Security Guard/Sys; Tennis Court; Trash Pickup; Walk/Jog Trails,Yes,Yes,3
140,"$1,500,000",No,4,4.5,4,1,3,Dunes West,4883,2004,1.14,No,Traditional,5,Misc Exterior: Dock - Existing; Dock - Floating; Gutters; Lawn Irrigation; Lawn Well; Porch - Front Porch; Thermal Windows/Doors,No,Yes,No,No,Amenities: Boat Storage; Cable TV Available; Club House; Club Membership Available; Dock Facilities; Gated Comm; Golf; Golf Membership Available; Neighborhood Pool; Play Park; Tennis Court; Trash Pickup; Walk/Jog Trails,Yes,No,0
142,"$1,375,000",No,5,3.5,3,1,2,Dunes West,4935,2002,0.68,No,Traditional,2,Misc Exterior: Boatlift; Dock - Existing; Dock - Floating; Dock - Shared; Fence - Brick; Fence - Iron; Fence - Metal Enclosed; Fence - Private; Gutters; Lawn Irrigation; Patio; Patio - Covered; Porch - Screened; Special Yard Lights; Thermal Windows/Doors,No,Yes,Yes,Yes,Amenities: Boat Ramp; Boat Storage; Cable TV Available; Club House; Club Membership Available; Dock Facilities; Exercise Area; Extra Storage; Gated Comm; Golf; Golf Membership Available; Neighborhood Pool; Play Park; Security Guard/Sys; Tennis Court; Trash Pickup; Walk/Jog Trails,Yes,Yes,2
143,"$1,345,000",No,6,5,4,2,2,Dunes West,4975,1998,1.24,No,Traditional,3,Misc Exterior: Boatlift; Deck; Dock - Existing; Lawn Irrigation; Pool - In Ground; Porch - Front Porch; Porch - Screened,Yes,Yes,No,Yes,Amenities: Boat Ramp; Boat Storage; Club House; Club Membership Available; Dock Facilities; Exercise Area; Extra Storage; Gated Comm; Golf; Golf Membership Available; Marina; Neighborhood Pool; Play Park; Security Guard/Sys; Tennis Court; Trash Pickup; Walk/Jog Trails,Yes,Yes,1
144,"$1,199,000",No,4,3.5,3,1,2,Dunes West,4250,1999,1.07,No,Traditional,2,Misc Exterior: Dock - Existing; Dock - Floating,No,Yes,No,No,Amenities: Boat Ramp; Boat Storage; Club House; Club Membership Available; Dock Facilities; Exercise Area; Gated Comm; Golf; Golf Membership Available; Neighborhood Pool; RV; Security Guard/Sys; Tennis Court; Trash Pickup; Walk/Jog Trails,Yes,Yes,1
145,"$369,000",Yes,4,4,4,0,3,Dunes West,2890,2006,0.06,No,Townhouse,2,Misc Exterior: Gutters; Patio - Covered; Porch - Screened,No,No,No,Yes,Amenities: Boat Ramp; Boat Storage; Club House; Club Membership Available; Exercise Area; Gated Comm; Golf; Golf Membership Available; Lawn Maint Incl; Neighborhood Pool; Play Park; Security Guard/Sys; Tennis Court; Trash Pickup; Walk/Jog Trails,Yes,Yes,1
146,"$380,000",Yes,3,2.5,2,1,2,Dunes West,2799,2005,0.18,No,Condominium,2,Misc Exterior: Gutters; Porch - Screened,No,No,No,Yes,Amenities: Boat Storage; Cable TV Available; Club House; Club Membership Available; Exercise Area; Gated Comm; Golf; Golf Membership Available; Lawn Maint Incl; Play Park; Tennis Court; Trash Pickup; Walk/Jog Trails,Yes,Yes,1
147,"$425,000",Yes,4,3.5,3,1,3,Dunes West,3014,2005,0,No,Condominium,2,Misc Exterior: Gazebo; Gutters; Patio - Covered; Porch - Screened,No,No,No,Yes,Amenities: Boat Storage; Cable TV Available; Club House; Gated Comm; Golf Membership Available; Lawn Maint Incl; Security Guard/Sys; Trash Pickup; Walk/Jog Trails,Yes,Yes,1
148,"$394,000",Yes,4,3.5,3,1,2,Dunes West,2785,2006,0.06,No,Townhouse,2,Misc Exterior: Patio - Covered; Porch - Screened,No,No,No,Yes,Amenities: Boat Storage; Club House; Club Membership Available; Gated Comm; Golf; Golf Membership Available; Neighborhood Pool; Play Park; Tennis Court; Trash Pickup; Walk/Jog Trails,Yes,Yes,1
149,"$237,000",Yes,2,2,2,0,1,Dunes West,1633,1999,0,No,Condo Regime,0,Misc Exterior:,No,No,No,No,Amenities: Boat Ramp; Cable TV Available; Central TV Antenna; Club House; Club Membership Available; Exercise Area; Golf; Golf Membership Available; Lawn Maint Incl; Neighborhood Pool; Play Park; Tennis Court; Trash Pickup; Walk/Jog Trails,Yes,No,0
150,"$1,199,000",No,4,3.5,3,1,2,Dunes West,3867,1998,1.01,No,Traditional,3,Misc Exterior: Boatlift; Deck; Dock - Existing; Dock - Floating; Dock - Shared; Elevator Shaft; Lawn Irrigation; Porch - Screened; Special Yard Lights; Workshop,No,Yes,No,Yes,Amenities: Boat Storage; Cable TV Available; Club House; Club Membership Available; Exercise Area; Gated Comm; Golf; Golf Membership Available; Neighborhood Pool; Play Park; Security Guard/Sys; Tennis Court; Trash Pickup; Walk/Jog Trails,Yes,No,0
113,"$575,000",No,4,4,4,0,2,Dunes West,2890,2016,0.15,No,Traditional,2,Misc Exterior: Fence - Wooden Enclosed; Gazebo; Gutters; Lawn Irrigation; Porch - Front Porch; Porch - Screened; Other (Use Remarks),No,No,Yes,Yes,Amenities: Boat Ramp; Boat Storage; Cable TV Available; Club House; Club Membership Available; Exercise Area; Gated Comm; Golf Membership Available; Neighborhood Pool; Play Park; Security Guard/Sys; Tennis Court; Trash Pickup; Walk/Jog Trails,Yes,Yes,1
153,"$224,900",Yes,2,2,2,0,1,Dunes West,1494,1998,0,No,Condominium,0,Misc Exterior: Gutters; Lawn Irrigation,No,No,No,No,Amenities: Cable TV Available; Club Membership Available; Golf Membership Available; Lawn Maint Incl; Trash Pickup,Yes,No,0
154,"$229,000",Yes,2,2,2,0,1,Dunes West,1494,2001,0,No,Condominium,0,Misc Exterior: Porch - Screened,No,No,No,Yes,Amenities:,No,No,0
155,"$232,900",Yes,3,2,2,0,1,Dunes West,1494,2000,0,No,Condo Regime,0,Misc Exterior: Porch - Screened,No,No,No,Yes,Amenities:,No,No,0
156,"$1,050,000",No,4,4,3,2,3,Dunes West,5600,1992,1.01,No,Traditional,4,Misc Exterior: Deck; Fence - Metal Enclosed; Gutters; Lawn Irrigation; Lawn Well; Patio - Covered; Pool - In Ground; Porch - Front Porch; Porch - Screened; Special Yard Lights,Yes,No,Yes,Yes,Amenities: Boat Ramp; Cable TV Available; Club House; Club Membership Available; Exercise Area; Golf; Golf Membership Available; Neighborhood Pool; Play Park; Tennis Court; Trash Pickup,Yes,Yes,2
162,"$362,500",Yes,3,2.5,2,1,2,Dunes West,2166,2014,0.06,No,Townhouse,2,Misc Exterior: Lawn Irrigation; Porch - Screened,No,No,No,Yes,Amenities: Cable TV Available; Club House; Club Membership Available; Exercise Area; Golf; Golf Membership Available; Neighborhood Pool; Tennis Court; Trash Pickup,Yes,No,0
165,"$245,000",Yes,2,2.5,2,1,2,Dunes West,1442,2006,0,No,Condo Regime,0,Misc Exterior: Fence - Partial; Patio; Porch - Front Porch; Porch - Full Front,No,No,No,No,Amenities: Walk/Jog Trails,No,No,0
110,"$615,000",No,4,3.5,3,1,3,Dunes West,3143,2015,0.15,No,Traditional,2,Misc Exterior: Fence - Metal Enclosed; Gutters; Lawn Irrigation; Patio; Pool - In Ground; Porch - Front Porch; Porch - Screened,Yes,No,Yes,Yes,Amenities: Boat Ramp; Boat Storage; Cable TV Available; Club House; Club Membership Available; Dock Facilities; Exercise Area; Gated Comm; Golf; Golf Membership Available; Neighborhood Pool; Play Park; Security Guard/Sys; Tennis Court; Trash Pickup; Walk/Jog Trails,Yes,Yes,1
96,"$715,015",No,5,4,4,0,3,Dunes West,3523,2016,0.37,Yes,Traditional,3,Misc Exterior: Gutters; Lawn Irrigation; Porch - Front Porch; Porch - Screened,No,No,No,Yes,Amenities: Boat Ramp; Boat Storage; Club House; Club Membership Available; Dock Facilities; Exercise Area; Gated Comm; Golf; Golf Membership Available; Neighborhood Pool; Security Guard/Sys; Tennis Court; Trash Pickup; Walk/Jog Trails,Yes,Yes,1
94,"$723,000",No,4,3.5,3,1,2,Dunes West,3463,2017,0.34,Yes,Cottage,2,Misc Exterior: Porch - Front Porch; Porch - Full Front; Porch - Wrap-Around,No,No,No,No,Amenities: Boat Ramp; Boat Storage; Club Membership Available; Golf; Golf Membership Available; Neighborhood Pool; Play Park; Security Guard/Sys; Tennis Court; Trash Pickup; Walk/Jog Trails,Yes,Yes,1
90,"$749,145",No,4,3.5,3,1,2,Dunes West,3075,2017,0.14,Yes,Traditional,2,Misc Exterior: Gutters; Lawn Irrigation; Porch - Front Porch; Porch - Full Front; Porch - Screened,No,No,No,Yes,Amenities: Boat Ramp; Boat Storage; Cable TV Available; Club House; Club Membership Available; Exercise Area; Gated Comm; Golf; Golf Membership Available; Neighborhood Pool; Play Park; Security Guard/Sys; Tennis Court; Trash Pickup; Walk/Jog Trails,Yes,Yes,1
88,"$750,000",No,5,4,4,0,2,Dunes West,4007,2017,0.32,Yes,Traditional,3,Misc Exterior: Gutters; Lawn Irrigation; Porch - Front Porch; Porch - Screened,No,No,No,Yes,Amenities: Boat Ramp; Boat Storage; Cable TV Available; Club House; Club Membership Available; Exercise Area; Gated Comm; Golf; Golf Membership Available; Neighborhood Pool; Play Park; Security Guard/Sys; Tennis Court; Trash Pickup; Walk/Jog Trails,Yes,Yes,1
89,"$750,000",No,5,4,4,0,2,Dunes West,3793,2016,0.35,Yes,Traditional,2,Misc Exterior: Gutters; Lawn Irrigation; Porch - Front Porch; Porch - Full Front; Porch - Screened,No,No,No,Yes,Amenities: Boat Ramp; Boat Storage; Cable TV Available; Club House; Club Membership Available; Dock Facilities; Exercise Area; Gated Comm; Golf; Golf Membership Available; Neighborhood Pool; Play Park; Security Guard/Sys; Tennis Court; Trash Pickup; Walk/Jog Trails,Yes,Yes,1
86,"$752,000",No,4,4,4,0,3,Dunes West,3766,2016,0.31,Yes,Traditional,2,Misc Exterior: Elevator Shaft; Lawn Irrigation; Porch - Front Porch; Porch - Screened,No,No,No,Yes,Amenities: Boat Ramp; Boat Storage; Cable TV Available; Club House; Club Membership Available; Dock Facilities; Exercise Area; Gated Comm; Golf; Golf Membership Available; Neighborhood Pool; Play Park; Security Guard/Sys; Tennis Court; Trash Pickup; Walk/Jog Trails,Yes,Yes,1
84,"$763,634",No,4,4,4,0,2,Dunes West,2825,2017,0.15,Yes,Traditional,2,Misc Exterior: Gutters; Lawn Irrigation; Patio; Porch - Front Porch; Porch - Full Front; Porch - Screened,No,No,No,Yes,Amenities: Boat Ramp; Boat Storage; Cable TV Available; Club House; Club Membership Available; Dock Facilities; Exercise Area; Gated Comm; Golf; Golf Membership Available; Neighborhood Pool; Play Park; Security Guard/Sys; Tennis Court; Trash Pickup; Walk/Jog Trails,Yes,Yes,1
83,"$765,135",No,5,4,4,0,3,Dunes West,3811,2016,0.3,Yes,Traditional,3,Misc Exterior: Gutters; Lawn Irrigation; Porch - Front Porch; Porch - Screened,No,No,No,Yes,Amenities: Boat Ramp; Boat Storage; Club House; Club Membership Available; Dock Facilities; Exercise Area; Gated Comm; Golf; Golf Membership Available; Neighborhood Pool; Security Guard/Sys; Tennis Court; Trash Pickup; Walk/Jog Trails,Yes,Yes,1
82,"$774,650",No,6,5,5,0,3,Dunes West,4338,2017,0.33,Yes,Traditional,3,Misc Exterior: Gutters; Lawn Irrigation; Porch - Front Porch; Porch - Full Front; Porch - Screened,No,No,No,Yes,Amenities: Boat Ramp; Boat Storage; Club House; Club Membership Available; Dock Facilities; Exercise Area; Gated Comm; Golf; Golf Membership Available; Neighborhood Pool; Security Guard/Sys; Tennis Court; Trash Pickup; Walk/Jog Trails,Yes,Yes,1
79,"$827,189",No,6,4,4,0,2,Dunes West,3841,2016,0.54,Yes,Traditional,2,Misc Exterior: Deck; Lawn Irrigation; Porch - Front Porch; Porch - Full Front; Porch - Screened,No,No,No,Yes,Amenities: Boat Ramp; Boat Storage; Cable TV Available; Club House; Club Membership Available; Dock Facilities; Exercise Area; Gated Comm; Golf; Golf Membership Available; Neighborhood Pool; Play Park; Security Guard/Sys; Tennis Court; Trash Pickup; Walk/Jog Trails,Yes,Yes,1
78,"$827,655",No,3,2.5,2,1,2,Dunes West,2751,2017,2.19,Yes,Traditional,2,Misc Exterior: Dock - Permit; Gutters; Lawn Irrigation; Patio; Porch - Front Porch; Porch - Screened,No,Yes,No,Yes,Amenities: Boat Ramp; Boat Storage; Cable TV Available; Club House; Club Membership Available; Dock Facilities; Exercise Area; Gated Comm; Golf; Golf Membership Available; Neighborhood Pool; Play Park; Security Guard/Sys; Tennis Court; Trash Pickup; Walk/Jog Trails,Yes,Yes,1
76,"$832,140",No,5,5.5,5,1,2,Dunes West,4377,2017,0.33,Yes,Traditional,2,Misc Exterior: Lawn Irrigation; Porch - Full Front; Porch - Screened,No,No,No,Yes,Amenities: Boat Ramp; Cable TV Available; Club House; Club Membership Available; Gated Comm; Golf; Golf Membership Available; Neighborhood Pool; Play Park; Tennis Court; Trash Pickup; Walk/Jog Trails,Yes,Yes,1
75,"$840,000",No,5,5,5,0,2,Dunes West,3912,2017,0.69,Yes,Contemporary,3,Misc Exterior: Deck; Lawn Irrigation; Porch - Front Porch; Porch - Full Front; Porch - Screened,No,No,No,Yes,Amenities: Boat Ramp; Boat Storage; Cable TV Available; Club House; Club Membership Available; Exercise Area; Gated Comm; Golf; Golf Membership Available; Neighborhood Pool; Play Park; Security Guard/Sys; Tennis Court; Trash Pickup; Walk/Jog Trails; Other (Use Remarks),Yes,Yes,1
71,"$879,000",No,5,3.5,3,1,2,Dunes West,3800,2017,0.52,Yes,Traditional,4,Misc Exterior: Deck; Elevator Shaft; Gutters; Patio - Covered; Porch - Screened,No,No,No,Yes,Amenities: Boat Storage; Club House; Club Membership Available; Golf; Golf Membership Available; Neighborhood Pool; Play Park; Security Guard/Sys; Tennis Court; Trash Pickup; Walk/Jog Trails,Yes,Yes,2
68,"$891,846",No,4,3.5,3,1,2,Dunes West,3075,2017,3.09,Yes,Traditional,2,Misc Exterior: Dock - Permit; Gutters; Lawn Irrigation; Patio; Porch - Front Porch; Porch - Full Front; Porch - Screened,No,Yes,No,Yes,Amenities: Boat Ramp; Boat Storage; Cable TV Available; Club House; Club Membership Available; Exercise Area; Gated Comm; Golf; Golf Membership Available; Neighborhood Pool; Play Park; Security Guard/Sys; Tennis Court; Trash Pickup; Walk/Jog Trails,Yes,Yes,1
65,"$935,000",No,6,4.5,4,1,3,Dunes West,4451,2016,0.37,Yes,Traditional,3,Misc Exterior: Deck; Elevator Shaft; Gutters; Lawn Irrigation; Patio; Porch - Full Front; Porch - Screened; Storm Doors; Storm Windows,No,No,No,Yes,Amenities: Boat Ramp; Boat Storage; Cable TV Available; Club House; Club Membership Available; Exercise Area; Gated Comm; Golf Membership Available; Handicapped Equipped; Neighborhood Pool; Play Park; Tennis Court; Trash Pickup; Walk/Jog Trails,Yes,Yes,1
157,"$1,005,685",No,4,4,4,0,2,Dunes West,2825,2017,2.32,Yes,Traditional,2,Misc Exterior: Dock - Permit; Gutters; Lawn Irrigation; Patio; Porch - Front Porch; Porch - Screened; Porch - Wrap-Around,No,Yes,No,Yes,Amenities: Boat Ramp; Boat Storage; Cable TV Available; Club House; Club Membership Available; Dock Facilities; Exercise Area; Gated Comm; Golf; Golf Membership Available; Neighborhood Pool; Play Park; Security Guard/Sys; Tennis Court; Trash Pickup; Walk/Jog Trails,Yes,Yes,1
152,"$1,112,885",No,4,4,4,0,2,Dunes West,3312,2017,1.94,Yes,Traditional,3,Misc Exterior: Dock - Permit; Gutters; Lawn Irrigation; Porch - Front Porch; Porch - Screened,No,Yes,No,Yes,Amenities: Boat Ramp; Boat Storage; Cable TV Available; Club House; Club Membership Available; Exercise Area; Gated Comm; Golf; Golf Membership Available; Neighborhood Pool; Play Park; Security Guard/Sys; Tennis Court; Trash Pickup; Walk/Jog Trails,Yes,Yes,1
151,"$1,136,900",No,4,4.5,4,1,2,Dunes West,4450,2017,0.45,Yes,Craftsman,3,Misc Exterior: Lawn Irrigation; Porch - Front Porch; Porch - Full Front,No,No,No,No,Amenities: Boat Storage; Club Membership Available; Golf Membership Available; Neighborhood Pool; Play Park; Security Guard/Sys; Tennis Court; Trash Pickup; Walk/Jog Trails,Yes,Yes,1
141,"$1,450,000",No,6,4.5,4,1,3,Dunes West,5000,2016,0.42,Yes,Colonial,3,Misc Exterior: Deck; Dock - Shared,No,Yes,No,No,Amenities: Boat Ramp; Cable TV Available; Club House; Club Membership Available; Dock Facilities; Exercise Area; Gated Comm; Golf,Yes,Yes,1
1,"$350,000",Yes,3,2.5,2,1,3,Park West,2592,2009,0.06,No,Townhouse,2,Misc Exterior: Gutters; Lawn Irrigation; Patio; Patio - Covered; Porch - Screened,No,No,No,Yes,Amenities: Cable TV Available; Club House; Elevators; Neighborhood Pool; Tennis Court; Trash Pickup; Walk/Jog Trails,No,Yes,1
3,"$119,900",Yes,1,1,1,0,1,Park West,777,2000,0,No,Condominium,0,Misc Exterior: Porch - Screened; Storage/Outbuilding,No,No,No,Yes,Amenities: Boat Storage; Cable TV Available; Club House; Exercise Area; Extra Storage; Gated Comm; Lawn Maint Incl; Neighborhood Pool; Play Park; Tennis Court; Trash Pickup; Walk/Jog Trails,No,No,0
231,"$386,990",No,3,2,2,0,1,Park West,1540,2016,0.16,Yes,Charleston Single,2,Misc Exterior: Fence - Partial; Lawn Irrigation; Patio; Special Yard Lights,No,No,No,No,Amenities: Cable TV Available; Club House; Neighborhood Pool; Play Park; Tennis Court; Trash Pickup; Walk/Jog Trails,No,No,0
229,"$406,990",No,3,2.5,2,1,2,Park West,2031,2016,0.16,Yes,Charleston Single,2,Misc Exterior: Fence - Partial; Lawn Irrigation; Patio; Porch - Front Porch; Special Yard Lights,No,No,No,No,Amenities: Club House; Neighborhood Pool; Play Park; Tennis Court; Trash Pickup; Walk/Jog Trails,No,No,0
8,"$179,900",Yes,2,2,2,0,1,Park West,1137,2000,0,No,Condo Regime,1,Misc Exterior: Porch - Wrap-Around,No,No,No,No,Amenities: Cable TV Available; Club House; Exercise Area; Gated Comm; Neighborhood Pool; Tennis Court; Trash Pickup,No,No,0
10,"$124,900",Yes,1,1,1,0,3,Park West,777,2000,0,No,Condominium,0,Misc Exterior:,No,No,No,No,Amenities: Boat Storage; Cable TV Available; Club House; Exercise Area; Gated Comm; Lawn Maint Incl; Neighborhood Pool; Play Park; Tennis Court; Trash Pickup; Walk/Jog Trails,No,No,0
11,"$349,999",Yes,4,3.5,3,1,2,Park West,2151,2013,0.09,No,Townhouse,2,Misc Exterior: Fence - Wooden Enclosed; Gutters; Lawn Irrigation; Patio; Porch - Front Porch,No,No,Yes,No,Amenities: Cable TV Available; Club House; Lawn Maint Incl; Neighborhood Pool; Tennis Court; Trash Pickup; Walk/Jog Trails,No,No,0
228,"$416,990",No,3,2.5,2,1,2,Park West,2209,2016,0.16,Yes,Charleston Single,2,Misc Exterior: Fence - Partial; Lawn Irrigation; Patio; Porch - Front Porch; Special Yard Lights; Other (Use Remarks),No,No,No,No,Amenities: Cable TV Available; Neighborhood Pool; Play Park; Tennis Court; Trash Pickup; Walk/Jog Trails,No,No,0
225,"$426,990",No,3,2.5,2,1,2,Park West,2435,2016,0.16,Yes,Charleston Single,2,Misc Exterior: Fence - Partial; Lawn Irrigation; Patio; Porch - Full Front; Special Yard Lights,No,No,No,No,Amenities: Club House; Neighborhood Pool; Play Park; Tennis Court; Trash Pickup; Walk/Jog Trails,No,No,0
14,"$425,000",Yes,3,3,3,0,3,Park West,2605,2009,0,No,Townhouse,2,Misc Exterior: Deck; Porch - Screened,No,No,No,Yes,Amenities: Neighborhood Pool; Play Park; Tennis Court; Trash Pickup; Walk/Jog Trails,No,Yes,1
226,"$426,990",No,3,2.5,2,1,2,Park West,2248,2016,0.2,Yes,Charleston Single,2,Misc Exterior: Fence - Partial; Lawn Irrigation; Patio; Porch - Full Front; Special Yard Lights,No,No,No,No,Amenities: Cable TV Available; Club House; Neighborhood Pool; Play Park; Tennis Court; Trash Pickup; Walk/Jog Trails,No,No,0
16,"$375,000",Yes,4,3,3,0,2,Park West,2284,2009,0,No,Townhouse,2,Misc Exterior: Deck; Gutters; Lawn Irrigation; Porch - Screened,No,No,No,Yes,Amenities: Cable TV Available; Neighborhood Pool; Play Park; Tennis Court; Trash Pickup; Walk/Jog Trails,No,Yes,1
17,"$347,000",Yes,3,2.5,2,1,2,Park West,2100,2013,0.07,No,Townhouse,1,Misc Exterior: Fence - Private; Fence - Wooden Enclosed; Patio; Stoop,No,No,Yes,No,Amenities: Cable TV Available; Club House; Lawn Maint Incl; Neighborhood Pool; Play Park; Tennis Court; Trash Pickup; Walk/Jog Trails,No,No,0
223,"$437,990",No,4,2.5,2,1,2,Park West,2553,2016,0.17,Yes,Charleston Single,2,Misc Exterior: Fence - Partial; Lawn Irrigation; Special Yard Lights,No,No,No,No,Amenities: Neighborhood Pool; Play Park; Tennis Court; Trash Pickup; Walk/Jog Trails,No,No,0
20,"$189,500",Yes,2,2,2,0,1,Park West,1137,2000,0,No,Condo Regime,1,Misc Exterior: Patio; Storage/Outbuilding,No,No,No,No,Amenities: Boat Storage; Cable TV Available; Club House; Exercise Area; Neighborhood Pool; Tennis Court,No,No,0
21,"$341,500",Yes,3,2.5,2,1,3,Park West,2048,2008,0.05,No,Townhouse,2,Misc Exterior: Gutters; Lawn Irrigation; Patio,No,No,No,No,Amenities: Cable TV Available; Club House; Lawn Maint Incl; Neighborhood Pool; Play Park; Tennis Court; Trash Pickup; Walk/Jog Trails,No,Yes,1
222,"$439,990",No,3,2.5,2,1,2,Park West,2031,2017,0.18,Yes,Charleston Single,2,Misc Exterior: Fence - Partial; Gutters; Lawn Irrigation; Patio; Porch - Front Porch; Porch - Full Front,No,No,No,No,Amenities: Club House; Neighborhood Pool; Play Park; Tennis Court; Trash Pickup; Walk/Jog Trails,No,Yes,1
221,"$441,990",No,4,3.5,3,1,2,Park West,2561,2016,0.16,Yes,Charleston Single,2,Misc Exterior: Fence - Partial; Lawn Irrigation; Porch - Full Front; Special Yard Lights,No,No,No,No,Amenities: Club House; Neighborhood Pool; Play Park; Tennis Court; Trash Pickup; Walk/Jog Trails,No,No,0
26,"$360,000",Yes,4,3.5,3,1,2,Park West,2102,2013,0.09,No,Townhouse,2,Misc Exterior: Fence - Private; Fence - Wooden Enclosed; Gutters; Lawn Irrigation; Patio; Porch - Front Porch; Thermal Windows/Doors,No,No,Yes,No,Amenities: Cable TV Available; Club House; Lawn Maint Incl; Neighborhood Pool; Play Park; Tennis Court; Trash Pickup; Walk/Jog Trails,No,No,0
218,"$456,990",No,4,3.5,3,1,2,Park West,2808,2016,0.2,Yes,Charleston Single,2,Misc Exterior:,No,No,No,No,Amenities: Club House; Neighborhood Pool; Play Park; Tennis Court; Trash Pickup; Walk/Jog Trails,No,No,0
215,"$473,490",No,4,3.5,3,1,3,Park West,2477,2016,0.14,Yes,Charleston Single,2,Misc Exterior: Fence - Partial; Lawn Irrigation; Porch - Full Front; Porch - Screened; Special Yard Lights,No,No,No,Yes,Amenities: Cable TV Available; Club House; Club Membership Available; Neighborhood Pool; Play Park; Tennis Court; Trash Pickup; Walk/Jog Trails,No,Yes,1
214,"$474,990",No,4,2.5,2,1,2,Park West,2649,2017,0.23,Yes,Traditional,2,Misc Exterior: Lawn Irrigation; Patio; Porch - Front Porch; Thermal Windows/Doors,No,No,No,No,Amenities: Cable TV Available; Club House; Neighborhood Pool; Play Park; Tennis Court; Trash Pickup; Walk/Jog Trails,No,Yes,1
213,"$475,990",No,4,2.5,2,1,2,Park West,2635,2017,0.23,Yes,Traditional,2,Misc Exterior: Lawn Irrigation; Patio; Porch - Front Porch; Thermal Windows/Doors,No,No,No,No,Amenities: Cable TV Available; Club House; Neighborhood Pool; Play Park; Tennis Court; Trash Pickup; Walk/Jog Trails,No,Yes,1
39,"$226,900",Yes,3,2,2,0,2,Park West,1282,2000,0,No,Condominium,0,Misc Exterior:,No,No,No,No,Amenities: Boat Storage; Cable TV Available; Club House; Exercise Area; Extra Storage; Gated Comm; Lawn Maint Incl; Neighborhood Pool; Play Park; Security Guard/Sys; Tennis Court; Walk/Jog Trails,No,No,0
212,"$479,900",No,4,3.5,3,1,2,Park West,2769,2017,0.17,Yes,Traditional,2,Misc Exterior: Gutters; Lawn Irrigation; Thermal Windows/Doors,No,No,No,No,Amenities: Trash Pickup; Walk/Jog Trails,No,Yes,1
211,"$485,900",No,4,3.5,3,1,2,Park West,2678,2017,0.19,Yes,Traditional,2,Misc Exterior: Gutters; Lawn Irrigation; Porch - Front Porch; Porch - Screened,No,No,No,Yes,Amenities: Club House; Neighborhood Pool; Play Park; Tennis Court; Walk/Jog Trails,No,Yes,1
210,"$486,990",No,4,3,3,0,2,Park West,2435,2016,0.16,Yes,Charleston Single,2,Misc Exterior: Fence - Partial; Lawn Irrigation; Porch - Screened,No,No,No,Yes,Amenities: Cable TV Available; Club House; Neighborhood Pool; Play Park; Tennis Court; Trash Pickup; Walk/Jog Trails,No,Yes,1
48,"$369,900",Yes,3,2.5,2,1,2,Park West,2004,2006,0,No,Condo Regime,2,Misc Exterior: Fence - Wooden Enclosed; Patio; Porch - Front Porch,No,No,Yes,No,Amenities: Club House; Neighborhood Pool; Play Park; Tennis Court; Trash Pickup; Walk/Jog Trails,No,Yes,1
205,"$503,990",No,4,2.5,2,1,2,Park West,2900,2017,0.23,Yes,Traditional,2,Misc Exterior: Lawn Irrigation; Patio; Porch - Front Porch; Thermal Windows/Doors,No,No,No,No,Amenities: Cable TV Available; Club House; Neighborhood Pool; Play Park; Tennis Court; Trash Pickup; Walk/Jog Trails,No,Yes,1
51,"$205,900",Yes,2,2,2,0,3,Park West,1110,2006,0,No,Condo Regime,0,Misc Exterior: Porch - Screened,No,No,No,Yes,Amenities: Cable TV Available; Club House; Exercise Area; Gated Comm; Lawn Maint Incl; Neighborhood Pool; Play Park; Tennis Court; Trash Pickup; Walk/Jog Trails; Other (Use Remarks),No,No,0
53,"$199,000",Yes,2,2,2,0,3,Park West,1063,2006,0,No,Condo Regime,0,Misc Exterior: Porch - Screened,No,No,No,Yes,Amenities: Cable TV Available; Gated Comm; Lawn Maint Incl; Neighborhood Pool; Play Park; Tennis Court,No,No,0
203,"$505,990",No,3,2.5,2,1,2,Park West,2435,2016,0.15,Yes,Charleston Single,2,Misc Exterior: Fence - Partial; Gutters; Lawn Irrigation; Patio; Porch - Full Front; Porch - Screened; Special Yard Lights; Other (Use Remarks),No,No,No,Yes,Amenities: Cable TV Available; Neighborhood Pool; Play Park; Tennis Court; Trash Pickup; Walk/Jog Trails,No,Yes,1
202,"$508,000",No,4,3.5,3,1,3,Park West,2746,2015,0.13,Yes,Traditional,1,Misc Exterior: Lawn Irrigation; Porch - Screened,No,No,No,Yes,Amenities: Cable TV Available; Club House; Exercise Area; Gated Comm; Handicapped Equipped; Neighborhood Pool; Play Park; Tennis Court; Trash Pickup,No,Yes,1
201,"$508,990",No,5,3.5,3,1,2,Park West,3040,2017,0.23,Yes,Traditional,2,Misc Exterior: Patio; Special Yard Lights,No,No,No,No,Amenities: Club House; Neighborhood Pool; Play Park; Tennis Court; Walk/Jog Trails,No,Yes,1
200,"$509,990",No,4,2.5,2,1,2,Park West,2713,2017,0.23,Yes,Traditional,2,Misc Exterior: Lawn Irrigation; Porch - Front Porch; Thermal Windows/Doors,No,No,No,No,Amenities: Cable TV Available; Club House; Neighborhood Pool; Play Park; Tennis Court; Trash Pickup; Walk/Jog Trails,No,Yes,1
198,"$511,000",No,4,3,3,0,2,Park West,3129,2017,0.19,Yes,Traditional,2,Misc Exterior: Gutters; Lawn Irrigation; Porch - Front Porch; Porch - Screened,No,No,No,Yes,Amenities: Club House; Neighborhood Pool; Play Park; Tennis Court; Walk/Jog Trails,No,Yes,1
197,"$511,900",No,4,3,3,0,2,Park West,3249,2016,0.17,Yes,Traditional,2,Misc Exterior: Gutters; Lawn Irrigation; Patio; Thermal Windows/Doors,No,No,No,No,Amenities: Club House; Neighborhood Pool; Trash Pickup; Walk/Jog Trails,No,Yes,1
63,"$220,000",Yes,2,2,2,0,1,Park West,1107,2006,0,No,Condo Regime,0,Misc Exterior: Porch - Screened,No,No,No,Yes,Amenities: Club House; Exercise Area; Neighborhood Pool,No,No,0
196,"$514,900",No,4,3.5,3,1,2,Park West,2808,2016,0.18,No,Traditional,2,Misc Exterior: Porch - Front Porch; Porch - Full Front; Porch - Screened; Workshop,No,No,No,Yes,Amenities: Club Membership Available; Neighborhood Pool; Play Park; Trash Pickup; Walk/Jog Trails,No,No,0
195,"$524,990",No,4,3,3,0,2,Park West,2843,2017,0.23,Yes,Traditional,2,Misc Exterior: Lawn Irrigation; Porch - Front Porch; Thermal Windows/Doors,No,No,No,No,Amenities: Cable TV Available; Club House; Neighborhood Pool; Play Park; Tennis Court; Trash Pickup; Walk/Jog Trails,No,Yes,1
192,"$549,990",No,4,3.5,3,1,2,Park West,3227,2017,0.23,Yes,Traditional,2,Misc Exterior: Patio; Porch - Front Porch; Special Yard Lights,No,No,No,No,Amenities: Club House; Neighborhood Pool; Play Park; Tennis Court; Walk/Jog Trails,No,Yes,1
159,"$999,999",No,5,4.5,4,1,2,Park West,4300,2004,0.39,No,Traditional,4,Misc Exterior: Deck; Dock - Existing; Dock - Floating; Lawn Irrigation; Porch - Front Porch; Porch - Full Front; Porch - Screened; Porch - Wrap-Around,No,Yes,No,Yes,Amenities: Cable TV Available; Club House; Neighborhood Pool; Play Park; Tennis Court; Trash Pickup; Walk/Jog Trails,No,Yes,1
161,"$924,900",No,4,3.5,3,1,2,Park West,3900,2002,0.85,No,Traditional,3,Misc Exterior: Deck; Dock - Permit; Gutters; Lawn Irrigation; Porch - Screened; Special Yard Lights; Thermal Windows/Doors,No,Yes,No,Yes,Amenities: Club House; Exercise Area; Neighborhood Pool; Play Park; Tennis Court; Trash Pickup; Walk/Jog Trails,No,Yes,2
166,"$899,000",No,5,5.5,5,1,2,Park West,4361,2004,0.49,No,Traditional,3,Misc Exterior: Dock - Existing; Dock - Shared; Fence - Wooden Enclosed; Porch - Front Porch; Porch - Full Front; Porch - Screened,No,Yes,Yes,Yes,Amenities: Cable TV Available; Club House; Exercise Area; Neighborhood Pool; Tennis Court; Trash Pickup; Walk/Jog Trails,No,Yes,1
168,"$875,000",No,4,3,3,0,2,Park West,5276,2007,0.35,No,Traditional,3,Misc Exterior: Fence - Partial; Gutters; Patio; Porch - Screened; Some Thermal Wnd/Doors; Stoop,No,No,No,Yes,Amenities: Club House; Neighborhood Pool; Play Park; Tennis Court; Trash Pickup; Walk/Jog Trails,No,Yes,2
169,"$875,000",No,5,3.5,3,1,2,Park West,4383,2008,0.33,No,Traditional,3,Misc Exterior: Deck; Lawn Irrigation; Lawn Well; Porch - Screened,No,No,No,Yes,Amenities: Cable TV Available; Club House; Neighborhood Pool; Play Park; Tennis Court; Trash Pickup; Walk/Jog Trails,No,Yes,2
171,"$868,000",No,5,3.5,3,1,3,Park West,3687,2012,0.27,No,Contemporary,5,Misc Exterior: Deck; Dock - Existing; Dock - Floating; Dock - Shared; Lawn Irrigation; Porch - Screened,No,Yes,No,Yes,Amenities: Cable TV Available; Club House; Neighborhood Pool; Play Park; Tennis Court; Walk/Jog Trails,No,Yes,1
189,"$639,000",No,4,3.5,3,1,3,Park West,3143,2015,0.14,Yes,Traditional,2,Misc Exterior: Gutters; Handicapped Equipped; Lawn Irrigation; Porch - Screened,No,No,No,Yes,Amenities: Cable TV Available; Club House; Exercise Area; Gated Comm; Handicapped Equipped; Neighborhood Pool; Play Park; Tennis Court; Trash Pickup; Walk/Jog Trails,No,Yes,1
174,"$850,000",No,5,4,4,0,2,Park West,4700,2010,0.33,No,Traditional,3,Misc Exterior: Fence - Metal Enclosed; Gutters; Lawn Irrigation; Patio; Pool - In Ground; Porch - Front Porch; Porch - Screened,Yes,No,Yes,Yes,Amenities: Cable TV Available; Club House; Neighborhood Pool; Play Park; Tennis Court; Trash Pickup; Walk/Jog Trails,No,Yes,2
175,"$840,000",No,6,4.5,4,1,3,Park West,4670,2012,0.29,No,Traditional,2,Misc Exterior: Deck; Fence - Iron; Lawn Irrigation; Patio - Covered; Porch - Screened; Porch - Wrap-Around; Other (Use Remarks),No,No,No,Yes,Amenities: Cable TV Available; Neighborhood Pool; Play Park; Tennis Court; Trash Pickup; Walk/Jog Trails,No,Yes,1
177,"$795,000",No,5,4,4,0,2,Park West,3600,2007,0.31,No,Traditional,2,Misc Exterior: Lawn Irrigation; Porch - Screened; Storm Doors; Thermal Windows/Doors,No,No,No,Yes,Amenities: Cable TV Available; Club House; Exercise Area; Neighborhood Pool; Play Park; Security Guard/Sys; Tennis Court; Trash Pickup; Walk/Jog Trails,No,Yes,1
178,"$789,900",No,5,4.5,4,1,3,Park West,4700,2006,0.33,No,Traditional,3,Misc Exterior: Deck; Elevator Shaft; Fence - Iron; Lawn Irrigation; Patio; Patio - Covered; Porch - Front Porch; Porch - Screened,No,No,No,Yes,Amenities: Cable TV Available; Club House; Neighborhood Pool; Play Park; Tennis Court; Trash Pickup,No,Yes,1
179,"$785,000",No,4,3.5,3,1,3,Park West,3324,2002,0.22,No,Traditional,2,Misc Exterior: Boatlift; Deck; Dock - Existing; Dock - Shared; Lawn Irrigation; Porch - Front Porch; Porch - Screened,No,Yes,No,Yes,Amenities: Neighborhood Pool; Play Park; Tennis Court; Trash Pickup; Walk/Jog Trails,No,Yes,1
180,"$775,000",No,4,4,4,0,2,Park West,3884,2007,0.31,No,Traditional,3,Misc Exterior: Deck; Gutters; Lawn Irrigation; Porch - Front Porch; Porch - Screened; Porch - Wrap-Around; Some Thermal Wnd/Doors; Workshop,No,No,No,Yes,Amenities: Club House; Neighborhood Pool; Play Park; Tennis Court; Trash Pickup; Walk/Jog Trails,No,Yes,1
181,"$775,000",No,4,5.5,5,1,2,Park West,3837,2004,0.37,No,Traditional,2,Misc Exterior: Deck; Gutters; Lawn Irrigation; Porch - Full Front; Porch - Screened; Some Thermal Wnd/Doors,No,No,No,Yes,Amenities: Cable TV Available; Club House; Neighborhood Pool; Play Park; Tennis Court; Trash Pickup; Walk/Jog Trails,No,Yes,2
182,"$750,000",No,5,3.5,3,1,2,Park West,3559,2006,0.24,No,Colonial,3,Misc Exterior: Deck; Elevator Shaft; Fence - Metal Enclosed; Gutters; Porch - Full Front; Porch - Screened; Thermal Windows/Doors,No,No,Yes,Yes,Amenities: Cable TV Available; Club House; Neighborhood Pool; Play Park; Tennis Court; Trash Pickup; Walk/Jog Trails,No,Yes,1
183,"$720,000",No,5,4.5,4,1,2,Park West,3992,2002,0.38,No,Traditional,3,Misc Exterior: Fence - Private; Lawn Irrigation; Pool - In Ground; Porch - Full Front; Porch - Screened,Yes,No,No,Yes,Amenities: Cable TV Available; Club House; Neighborhood Pool; Play Park; Trash Pickup; Walk/Jog Trails,No,Yes,1
184,"$689,950",No,4,3.5,3,1,1,Park West,3950,2000,0.34,No,Ranch,2,Misc Exterior: Fence - Partial; Pool - In Ground; Porch - Front Porch,Yes,No,No,No,Amenities: Neighborhood Pool; Walk/Jog Trails,No,Yes,1
185,"$689,000",No,4,4,3,2,2,Park West,3407,2013,0.29,No,Traditional,3,Misc Exterior: Gutters; Lawn Irrigation; Porch - Front Porch; Porch - Screened,No,No,No,Yes,Amenities: Cable TV Available; Club House; Neighborhood Pool; Play Park; Tennis Court; Trash Pickup; Walk/Jog Trails,No,Yes,1
186,"$659,900",No,4,3.5,3,1,2,Park West,3304,2006,0.36,No,Traditional,2,Misc Exterior: Gutters; Porch - Front Porch; Porch - Wrap-Around,No,No,No,No,Amenities: Trash Pickup,No,Yes,1
187,"$650,000",No,4,3.5,3,1,2,Park West,3678,2005,0.34,No,Traditional,2,Misc Exterior: Porch - Front Porch; Porch - Screened,No,No,No,Yes,Amenities: Cable TV Available; Club Membership Available; Neighborhood Pool; Play Park; Tennis Court; Trash Pickup; Walk/Jog Trails,No,Yes,1
188,"$640,000",No,5,4,4,0,2,Park West,4199,2007,0.4,No,Traditional,2,Misc Exterior: Porch - Front Porch; Porch - Screened; Thermal Windows/Doors,No,No,No,Yes,Amenities: Cable TV Available; Club Membership Available; Golf; Golf Membership Available; Neighborhood Pool; Play Park; Tennis Court; Trash Pickup; Walk/Jog Trails,Yes,Yes,1
190,"$600,000",No,4,2.5,2,1,2,Park West,2794,2001,0.36,No,Traditional,2,Misc Exterior: Fence - Metal Enclosed; Gutters; Lawn Irrigation; Patio; Porch - Full Front; Porch - Screened; Special Yard Lights,No,No,Yes,Yes,Amenities: Cable TV Available; Club House; Neighborhood Pool; Play Park; Tennis Court; Trash Pickup; Walk/Jog Trails,No,Yes,1
191,"$599,000",No,4,4,4,0,2,Park West,3174,2004,0.31,No,Charleston Single,2,Misc Exterior: Gutters; Lawn Irrigation; Patio - Covered; Porch - Front Porch; Porch - Screened; Porch - Wrap-Around,No,No,No,Yes,Amenities: Cable TV Available; Trash Pickup,No,Yes,2
193,"$529,900",No,5,4.5,4,1,2,Park West,3374,2001,0.2,No,Traditional,2,Misc Exterior: Deck; Fence - Wooden Enclosed; Gutters; Patio - Covered; Porch - Front Porch,No,No,Yes,No,Amenities: Boat Storage; Cable TV Available; Club House; Neighborhood Pool; Play Park; Tennis Court; Trash Pickup; Walk/Jog Trails,No,Yes,1
194,"$527,900",No,5,3,3,0,2,Park West,3185,2009,0.24,No,Traditional,2,Misc Exterior: Deck; Porch - Front Porch; Porch - Full Front; Porch - Screened,No,No,No,Yes,Amenities: Cable TV Available; Club House; Exercise Area; Neighborhood Pool; Play Park; Tennis Court; Trash Pickup; Walk/Jog Trails,No,Yes,1
199,"$510,000",No,4,2.5,2,1,2,Park West,2790,2002,0.22,No,Traditional,2,Misc Exterior: Fence - Wooden Enclosed; Gutters; Porch - Front Porch; Porch - Screened,No,No,Yes,Yes,Amenities: Boat Storage; Club House; Neighborhood Pool; Play Park; Tennis Court; Trash Pickup; Walk/Jog Trails,No,Yes,1
204,"$505,000",No,4,3,3,0,2,Park West,3246,2014,0.21,No,Traditional,2,Misc Exterior: Lawn Irrigation; Patio; Porch - Full Front; Thermal Windows/Doors,No,No,No,No,Amenities: Cable TV Available; Club House; Exercise Area; Neighborhood Pool; Play Park; Tennis Court; Trash Pickup; Walk/Jog Trails,No,Yes,1
206,"$500,000",No,4,2.5,2,1,2,Park West,2982,2007,0.3,No,Traditional,2,Misc Exterior: Gutters; Patio; Porch - Full Front; Porch - Screened; Thermal Windows/Doors,No,No,No,Yes,Amenities: Cable TV Available; Club House; Neighborhood Pool; Play Park; Tennis Court; Trash Pickup; Walk/Jog Trails,No,Yes,1
207,"$499,990",No,4,2.5,2,1,2,Park West,3176,2006,0.19,No,Contemporary,2,Misc Exterior:,No,No,No,No,Amenities: Club House; Dock Facilities; Neighborhood Pool; Play Park; Tennis Court; Trash Pickup; Walk/Jog Trails,No,Yes,1
208,"$497,900",No,4,2.5,2,1,2,Park West,2852,2006,0.19,No,Traditional,2,Misc Exterior: Deck; Gutters; Porch - Front Porch,No,No,No,No,Amenities: Boat Storage; Cable TV Available; Club House; Neighborhood Pool; Play Park; Tennis Court; Trash Pickup; Walk/Jog Trails,No,Yes,1
209,"$490,000",No,4,3,3,0,2,Park West,2819,2003,0.2,No,Traditional,2,Misc Exterior: Gutters; Lawn Irrigation; Porch - Front Porch; Porch - Screened,No,No,No,Yes,Amenities: Cable TV Available; Club House; Neighborhood Pool; Play Park; Trash Pickup; Walk/Jog Trails,No,Yes,1
173,"$854,437",No,4,3.5,3,1,2,Park West,3025,2016,0.22,Yes,Traditional,2,Misc Exterior: Porch - Full Front; Porch - Screened; Porch - Wrap-Around; Thermal Windows/Doors,No,No,No,Yes,Amenities: Cable TV Available; Club House; Neighborhood Pool; Play Park; Tennis Court; Trash Pickup; Walk/Jog Trails,No,Yes,1
216,"$465,000",No,4,2,2,0,1,Park West,2461,2005,0.18,No,Traditional,2,Misc Exterior: Fence - Metal Enclosed; Patio; Porch - Full Front; Porch - Screened; Storm Doors; Thermal Windows/Doors,No,No,Yes,Yes,Amenities: Cable TV Available; Club House; Neighborhood Pool; Tennis Court; Trash Pickup; Walk/Jog Trails,No,Yes,1
217,"$464,500",No,5,3,3,0,1,Park West,2658,2004,0.19,No,Traditional,2,Misc Exterior: Deck; Fence - Metal Enclosed; Gutters; Some Thermal Wnd/Doors,No,No,Yes,No,Amenities: Cable TV Available; Club House; Neighborhood Pool; Tennis Court; Trash Pickup; Walk/Jog Trails,No,Yes,1
170,"$874,900",No,4,4,4,0,2,Park West,3528,2017,0.34,Yes,Traditional,2,Misc Exterior: Lawn Irrigation; Patio - Covered; Porch - Front Porch,No,No,No,No,Amenities: Cable TV Available; Club House; Neighborhood Pool; Play Park; Tennis Court; Trash Pickup; Walk/Jog Trails,No,Yes,1
219,"$450,000",No,4,3.5,3,1,3,Park West,2800,2006,0.2,No,Traditional,2,Misc Exterior: Deck; Patio - Covered; Porch - Screened; Thermal Windows/Doors,No,No,No,Yes,Amenities: Cable TV Available; Neighborhood Pool; Play Park; Tennis Court; Trash Pickup; Walk/Jog Trails,No,No,0
220,"$450,000",No,4,2.5,2,1,2,Park West,2290,2006,0.22,No,Traditional,2,Misc Exterior: Fence - Partial; Porch - Front Porch; Porch - Screened,No,No,No,Yes,Amenities: Neighborhood Pool; Tennis Court; Walk/Jog Trails,No,Yes,1
160,"$930,525",No,4,3.5,3,1,2,Park West,3107,2017,0.23,Yes,Traditional,2,Misc Exterior: Porch - Full Front; Porch - Screened; Thermal Windows/Doors,No,No,No,Yes,Amenities: Cable TV Available; Club House; Neighborhood Pool; Play Park; Tennis Court; Trash Pickup; Walk/Jog Trails,No,Yes,1
224,"$429,000",No,4,2.5,2,1,2,Park West,2492,2001,0.17,No,Traditional,2,Misc Exterior: Fence - Wooden Enclosed; Lawn Irrigation; Patio; Porch - Screened,No,No,Yes,Yes,Amenities: Cable TV Available; Club Membership Available; Neighborhood Pool,No,Yes,1
227,"$421,999",No,3,2.5,2,1,2,Park West,2588,2001,0.2,No,Traditional,2,Misc Exterior: Deck; Fence - Partial; Fence - Wooden Enclosed; Patio; Porch - Screened,No,No,Yes,Yes,Amenities: Cable TV Available; Club House; Neighborhood Pool; Play Park; Tennis Court; Trash Pickup; Walk/Jog Trails,No,Yes,1
230,"$400,000",No,4,2.5,2,1,2,Park West,2400,2003,0.18,No,Traditional,2,Misc Exterior: Gutters; Patio; Porch - Screened; Stoop; Storm Windows; Thermal Windows/Doors,No,No,No,Yes,Amenities: Boat Storage; Cable TV Available; Central TV Antenna; Club House; Club Membership Available; Dock Facilities; Neighborhood Pool; Play Park; Tennis Court; Trash Pickup; Walk/Jog Trails,No,Yes,1
232,"$364,900",No,5,3,3,0,3,Park West,2350,2005,0.15,No,Traditional,1,Misc Exterior: Porch - Front Porch,No,No,No,No,Amenities: Club House; Neighborhood Pool; Play Park; Tennis Court; Walk/Jog Trails,No,Yes,1
233,"$359,500",No,4,2,2,0,1,Park West,1760,2001,0.15,No,Ranch,2,Misc Exterior: Fence - Wooden Enclosed; Patio,No,No,Yes,No,Amenities: Neighborhood Pool; Play Park; Tennis Court; Trash Pickup; Walk/Jog Trails,No,No,0
234,"$339,000",No,3,2.5,2,1,2,Park West,1740,2003,0.16,No,Traditional,1,Misc Exterior: Patio; Porch - Full Front,No,No,No,No,Amenities: Cable TV Available; Play Park; Tennis Court; Trash Pickup; Walk/Jog Trails; Other (Use Remarks),No,Yes,1
235,"$338,800",No,3,2.5,2,1,2,Park West,1740,2003,0.16,No,Traditional,1,Misc Exterior: Patio; Porch - Full Front; Porch - Screened; Some Thermal Wnd/Doors; Other (Use Remarks),No,No,No,Yes,Amenities: Cable TV Available; Club House; Neighborhood Pool; Play Park; Tennis Court; Trash Pickup; Walk/Jog Trails,No,Yes,1
236,"$327,000",No,4,3.5,3,1,3,Park West,1900,2004,0.14,No,Traditional,1,Misc Exterior: Patio; Porch - Front Porch,No,No,No,No,Amenities: Cable TV Available; Neighborhood Pool; Play Park; Tennis Court; Trash Pickup; Walk/Jog Trails,No,Yes,1
237,"$325,000",No,3,2.5,2,1,2,Park West,1740,2005,0.14,No,Charleston Single,1,Misc Exterior: Fence - Wooden Enclosed; Porch - Front Porch; Porch - Full Front; Porch - Screened,No,No,Yes,Yes,Amenities: Neighborhood Pool; Play Park; Trash Pickup; Walk/Jog Trails,No,Yes,1
238,"$324,900",No,3,2,2,0,1,Park West,1432,2001,0.16,No,Ranch,2,Misc Exterior: Fence - Partial; Lawn Irrigation; Patio; Other (Use Remarks),No,No,No,No,Amenities: Cable TV Available; Neighborhood Pool; Play Park; Tennis Court; Trash Pickup; Walk/Jog Trails,No,No,0
239,"$319,500",No,3,2,2,0,1,Park West,1500,2002,0.02,No,Ranch,2,Misc Exterior: Fence - Wooden Enclosed,No,No,Yes,No,Amenities: Cable TV Available; Club House; Play Park; Tennis Court; Walk/Jog Trails,No,Yes,1
241,"$1,595,000",No,6,6.5,6,1,3,Park West,4775,2016,0.64,Yes,Traditional,3,Misc Exterior: Boatlift; Deck; Dock - Existing; Gutters; Lawn Irrigation; Pool - Elevated; Porch - Front Porch,Yes,Yes,No,No,Amenities: Cable TV Available; Club House; Dock Facilities; Gated Comm; Neighborhood Pool; Play Park; Tennis Court; Trash Pickup; Walk/Jog Trails,No,Yes,1
240,"$1,800,000",No,5,5.5,5,1,3,Park West,5401,2016,0.38,Yes,Traditional,3,Misc Exterior: Deck; Dock - Existing; Dock - Floating; Gutters; Lawn Irrigation; Patio; Pool - In Ground; Porch - Full Front; Porch - Screened; Storm Doors; Storm Windows; Thermal Windows/Doors,Yes,Yes,No,Yes,Amenities: Neighborhood Pool; Trash Pickup,No,Yes,1
242,"$1,495,000",No,4,3.5,3,1,2,Park West,4100,2001,0.67,No,Colonial,4,Misc Exterior: Boatlift; Dock - Existing; Dock - Floating; Elevator Shaft; Gutters; Lawn Irrigation; Patio; Porch - Front Porch; Porch - Full Front; Sea Wall; Special Yard Lights,No,Yes,No,No,Amenities: Cable TV Available; Club House; Dock Facilities; Elevators; Neighborhood Pool; Play Park; Tennis Court; Trash Pickup; Walk/Jog Trails,No,Yes,2
243,"$1,399,000",No,6,5.5,5,1,2,Park West,4400,2001,0.44,No,Traditional,2,Misc Exterior: Deck; Dock - Existing; Gutters; Lawn Irrigation; Patio; Porch - Front Porch; Porch - Screened; Special Yard Lights,No,Yes,No,Yes,Amenities: Cable TV Available; Club House; Neighborhood Pool; Play Park; Tennis Court; Trash Pickup; Walk/Jog Trails,No,Yes,2
244,"$1,250,000",No,4,4.5,4,1,3,Park West,3621,2001,0.29,No,Traditional,4,Misc Exterior: Boatlift; Dock - Existing; Dock - Floating; Fence - Wooden Enclosed; Gutters; Lawn Irrigation; Pool - In Ground; Porch - Front Porch; Porch - Screened; Special Yard Lights; Thermal Windows/Doors,Yes,Yes,Yes,Yes,Amenities: Boat Storage; Cable TV Available; Club House; Neighborhood Pool; Play Park; Tennis Court; Trash Pickup; Walk/Jog Trails,No,Yes,2
245,"$1,100,000",No,5,4,4,0,2,Park West,4030,2013,0.55,No,Traditional,3,Misc Exterior: Deck; Dock - Existing; Dock - Floating; Porch - Front Porch; Porch - Full Front; Porch - Screened,No,Yes,No,Yes,Amenities: Dock Facilities; Play Park; Tennis Court; Trash Pickup,No,Yes,1
,,,,,,,,,,,,,,,,,,,,,,,
,,,,,,,,,,,,,,,,,,,,,,,
,,,,,,,,,,,,,,,,,,,,,,,
,,,,,,,,,,,,,,,,,,,,,,,
,,,,,,,,,,,,,,,,,,,,,,,
,,,,,,,,,,,,,,,,,,,,,,,
,,,,,,,,,,,,,,,,,,,,,,,
,,,,,,,,,,,,,,,,,,,,,,,
,,,,,,,,,,,,,,,,,,,,,,,
,,,,,,,,,,,,,,,,,,,,,,,
,,,,,,,,,,,,,,,,,,,,,,,
,,,,,,,,,,,,,,,,,,,,,,,
,,,,,,,,,,,,,,,,,,,,,,,
,,,,,,,,,,,,,,,,,,,,,,,
,,,,,,,,,,,,,,,,,,,,,,,
,,,,,,,,,,,,,,,,,,,,,,,
,,,,,,,,,,,,,,,,,,,,,,,
,,,,,,,,,,,,,,,,,,,,,,,
,,,,,,,,,,,,,,,,,,,,,,,
,,,,,,,,,,,,,,,,,,,,,,,
,,,,,,,,,,,,,,,,,,,,,,,
,,,,,,,,,,,,,,,,,,,,,,,
,,,,,,,,,,,,,,,,,,,,,,,
,,,,,,,,,,,,,,,,,,,,,,,
,,,,,,,,,,,,,,,,,,,,,,,
